"user_id","start_time","amount","id"
37878,"2017-06-30 17:05:21",150,17668
47216,"2017-12-22 06:30:31",25,18396
35532,"2017-05-21 04:23:32",150,17475
42583,"2017-10-17 13:52:14",100,18027
32321,"2017-03-20 06:51:27",150,17202
34235,"2017-04-23 14:50:26",200,17365
36986,"2017-06-18 11:51:41",50,17610
44157,"2017-11-15 17:37:02",100,18161
45926,"2017-12-05 02:15:59",100,18302
32628,"2017-03-23 15:55:57",50,17225
41805,"2017-09-27 03:16:52",100,17951
30263,"2017-02-23 09:29:28",150,17064
43051,"2017-10-23 03:17:32",100,18050
39513,"2017-08-13 02:18:19",100,17799
45878,"2017-11-30 06:53:44",50,18266
44061,"2017-11-08 16:22:45",200,18122
42515,"2017-10-12 18:03:50",150,18002
32907,"2017-04-01 09:21:38",200,17277
46622,"2017-12-18 09:09:41",150,18367
36765,"2017-06-12 07:01:22",100,17578
28254,"2017-01-19 22:08:40",50,16892
39793,"2017-08-18 07:58:27",150,17814
32161,"2017-03-20 13:40:03",50,17206
47324,"2017-12-25 14:11:30",25,18408
37015,"2017-06-18 05:16:11",150,17606
33212,"2017-04-04 18:13:53",150,17292
28555,"2017-01-21 21:26:12",50,16908
32522,"2017-03-22 15:58:10",200,17219
40643,"2017-09-05 14:30:11",100,17879
33243,"2017-04-05 04:24:30",100,17295
38284,"2017-07-13 18:39:55",150,17716
39996,"2017-08-24 14:56:21",100,17840
39541,"2017-08-16 04:33:25",200,17808
30747,"2017-02-27 19:45:25",200,17079
37844,"2017-06-27 14:05:52",50,17651
45747,"2017-12-02 03:34:57",100,18281
39819,"2017-08-18 22:08:01",100,17817
44858,"2017-11-18 21:34:59",250,18185
34813,"2017-05-05 00:33:53",150,17410
46767,"2017-12-18 07:19:08",100,18365
28923,"2017-01-27 04:15:44",100,16940
28879,"2017-01-25 18:07:13",100,16931
30152,"2017-02-19 10:21:59",100,17047
33493,"2017-04-08 17:53:19",150,17309
42945,"2017-10-23 15:34:18",150,18053
45110,"2017-11-26 11:57:54",50,18241
33432,"2017-04-12 07:59:45",100,17321
43720,"2017-11-06 22:36:12",150,18114
40812,"2017-09-14 10:15:49",50,17915
46674,"2017-12-17 21:49:07",100,18359
37314,"2017-06-25 17:48:13",150,17640
30947,"2017-03-03 18:53:07",25,17100
45695,"2017-12-05 16:30:28",150,18304
33170,"2017-03-31 04:10:04",100,17268
41391,"2017-09-19 12:49:26",25,17927
36694,"2017-06-09 07:27:41",100,17563
39924,"2017-08-23 15:16:55",100,17836
30003,"2017-02-17 07:21:04",150,17035
36678,"2017-06-07 11:24:56",150,17557
34359,"2017-04-23 11:11:04",150,17364
35189,"2017-05-14 08:22:37",50,17443
46644,"2017-12-14 05:50:03",100,18339
47543,"2017-12-29 18:35:39",100,18426
32975,"2017-04-01 08:53:29",150,17276
47017,"2017-12-17 07:19:51",100,18356
40475,"2017-08-31 15:25:59",200,17867
36641,"2017-06-06 21:24:40",150,17554
32649,"2017-03-24 23:55:33",150,17230
43347,"2017-10-28 22:36:29",100,18074
28567,"2017-01-20 02:12:43",150,16893
43096,"2017-10-25 06:11:32",150,18057
30069,"2017-02-15 23:33:06",50,17026
47659,"2017-12-31 17:13:54",100,18439
28010,"2017-01-10 05:32:47",50,16858
41887,"2017-09-30 17:17:35",150,17964
32162,"2017-03-18 13:20:53",150,17192
38310,"2017-07-14 05:13:25",200,17719
39384,"2017-08-07 16:08:44",50,17789
29092,"2017-01-31 13:24:05",50,16958
40576,"2017-09-04 11:58:34",150,17877
39754,"2017-08-18 02:37:08",100,17813
45543,"2017-12-03 04:15:53",50,18291
29634,"2017-02-11 08:45:40",100,17003
35229,"2017-05-16 15:33:58",200,17451
33326,"2017-04-02 08:40:22",100,17281
31302,"2017-03-13 06:43:46",50,17156
41537,"2017-09-25 06:57:23",100,17940
43705,"2017-11-02 03:50:51",100,18092
35968,"2017-05-24 23:21:36",150,17499
43903,"2017-11-07 04:04:17",100,18115
38757,"2017-07-24 20:52:40",50,17762
45944,"2017-12-07 01:27:29",150,18309
35650,"2017-05-23 13:38:18",100,17487
44860,"2017-11-21 14:15:17",100,18204
28575,"2017-01-24 04:33:03",100,16920
36921,"2017-06-15 13:18:20",150,17593
28902,"2017-01-30 05:04:36",50,16952
31887,"2017-03-17 10:31:51",100,17185
42850,"2017-10-17 06:04:21",100,18025
38999,"2017-07-25 10:21:46",50,17763
32460,"2017-03-23 03:11:17",100,17223
39556,"2017-08-12 18:15:55",100,17798
44052,"2017-11-10 09:40:45",100,18132
30807,"2017-02-27 21:20:13",150,17080
32044,"2017-03-15 20:52:05",150,17172
35815,"2017-05-30 15:43:12",100,17524
28434,"2017-01-18 08:18:02",150,16882
47377,"2017-12-27 04:11:35",100,18417
47625,"2018-01-01 10:12:01",100,18440
42833,"2017-10-20 05:31:44",150,18037
37227,"2017-06-20 21:34:13",150,17617
47398,"2017-12-26 15:06:29",50,18414
44437,"2017-11-14 10:02:09",150,18154
30479,"2017-02-23 02:28:27",150,17061
41616,"2017-09-27 06:20:52",50,17952
30537,"2017-02-26 22:03:09",200,17077
39218,"2017-08-03 12:21:58",100,17786
46888,"2017-12-19 01:18:50",100,18372
29265,"2017-02-01 17:33:17",200,16966
44976,"2017-11-20 13:13:50",200,18196
42402,"2017-10-15 14:40:43",25,18018
37019,"2017-06-14 06:35:49",150,17584
42669,"2017-10-12 20:03:49",25,18004
33310,"2017-04-06 06:38:36",50,17301
42097,"2017-10-07 15:24:17",100,17991
31280,"2017-03-13 08:27:10",100,17158
33828,"2017-04-16 05:41:08",25,17343
42753,"2017-10-14 14:21:55",100,18011
28345,"2017-01-19 17:56:18",50,16891
37124,"2017-06-23 09:36:58",25,17632
44634,"2017-11-21 22:32:24",150,18211
33248,"2017-04-05 22:17:23",150,17298
38837,"2017-07-20 09:26:43",250,17742
30192,"2017-02-24 06:39:36",150,17068
46171,"2017-12-07 11:27:29",200,18311
37773,"2017-06-28 11:20:22",150,17660
41461,"2017-09-21 07:48:00",100,17931
29062,"2017-01-26 20:46:36",100,16937
40697,"2017-09-07 17:39:10",250,17886
39867,"2017-08-20 08:32:43",100,17821
41438,"2017-09-19 10:49:50",150,17926
37495,"2017-06-26 02:52:11",50,17644
47166,"2017-12-23 04:58:44",150,18399
46529,"2017-12-12 12:49:20",100,18332
29926,"2017-02-16 09:00:55",50,17028
34472,"2017-04-28 08:19:26",100,17386
42994,"2017-10-19 00:25:28",100,18031
37723,"2017-06-27 08:32:22",150,17650
40795,"2017-09-08 02:25:58",250,17887
41496,"2017-09-26 06:52:06",100,17947
40973,"2017-09-11 09:42:39",100,17900
31777,"2017-03-11 19:58:26",100,17146
43036,"2017-10-24 08:38:57",100,18055
38697,"2017-07-20 07:12:10",50,17740
28884,"2017-01-25 07:12:32",50,16928
32515,"2017-03-23 09:59:21",100,17224
41305,"2017-09-22 13:20:56",150,17935
34331,"2017-04-27 14:05:54",50,17382
28443,"2017-01-20 19:19:06",150,16898
38290,"2017-07-08 07:27:09",25,17700
43704,"2017-11-08 08:02:45",150,18120
33380,"2017-04-04 07:37:30",50,17290
29411,"2017-02-04 05:55:30",100,16973
44589,"2017-11-21 18:27:04",100,18207
28724,"2017-01-23 16:50:55",200,16916
45070,"2017-11-25 14:59:16",100,18236
45827,"2017-12-03 19:08:52",150,18294
39907,"2017-08-23 17:50:57",100,17837
32393,"2017-03-21 20:38:48",50,17213
42023,"2017-10-03 18:17:41",150,17973
30167,"2017-02-16 13:02:18",150,17029
28103,"2017-01-12 22:43:04",100,16868
43430,"2017-10-31 11:45:14",150,18082
47468,"2017-12-29 22:35:59",50,18427
29795,"2017-02-14 09:18:58",25,17021
34447,"2017-04-30 12:54:07",50,17392
35727,"2017-05-22 22:39:16",100,17483
30424,"2017-02-21 12:56:05",25,17056
44775,"2017-11-21 03:51:42",100,18201
41633,"2017-09-24 16:01:12",300,17939
28316,"2017-01-21 00:16:25",250,16900
34048,"2017-04-17 00:05:15",100,17347
42361,"2017-10-09 15:29:57",50,17995
43902,"2017-11-07 06:02:19",100,18116
31307,"2017-03-09 14:07:32",150,17131
34469,"2017-04-29 00:23:02",100,17389
28327,"2017-01-19 01:19:15",100,16887
32896,"2017-03-27 17:20:47",100,17243
36091,"2017-06-01 07:14:39",100,17532
30095,"2017-02-19 14:53:06",50,17049
37658,"2017-06-28 10:34:07",150,17659
33003,"2017-03-29 08:48:39",150,17252
31804,"2017-03-15 23:05:19",50,17174
46271,"2017-12-10 16:47:28",50,18327
47140,"2017-12-24 15:57:10",50,18405
40428,"2017-08-31 07:40:49",50,17866
28207,"2017-01-12 21:00:24",150,16867
38350,"2017-07-13 00:39:02",150,17711
30869,"2017-03-01 13:06:04",50,17090
47368,"2017-12-28 06:53:45",50,18422
28294,"2017-01-16 13:05:21",100,16875
40316,"2017-08-30 04:56:38",150,17864
29581,"2017-02-05 07:55:26",100,16977
39155,"2017-07-31 22:49:55",25,17782
40272,"2017-09-03 03:13:24",100,17873
41123,"2017-09-13 08:51:18",50,17909
45629,"2017-12-04 09:01:01",100,18298
27965,"2017-01-07 22:55:33",100,16851
35785,"2017-05-25 03:02:30",200,17500
34731,"2017-05-02 10:09:04",150,17399
29328,"2017-02-04 12:00:23",100,16974
30654,"2017-03-01 12:27:28",100,17089
36740,"2017-06-11 03:53:31",50,17572
35201,"2017-05-14 02:56:51",50,17441
38452,"2017-07-17 11:06:00",50,17732
46328,"2017-12-10 15:08:28",50,18326
45271,"2017-12-01 04:20:11",150,18271
28653,"2017-01-21 13:13:58",100,16906
34720,"2017-05-06 12:10:23",25,17414
38691,"2017-07-21 08:21:07",100,17747
33359,"2017-04-07 02:58:41",250,17304
28378,"2017-01-18 02:11:41",100,16880
47170,"2017-12-21 13:19:13",250,18386
42574,"2017-10-17 03:27:21",150,18023
35494,"2017-05-19 05:37:59",100,17465
41929,"2017-10-02 14:03:25",50,17971
29304,"2017-02-10 15:45:31",100,16998
43718,"2017-11-08 12:20:22",150,18121
43141,"2017-10-26 01:34:26",100,18062
43127,"2017-10-20 12:07:08",100,18039
45399,"2017-11-30 00:40:53",100,18262
37625,"2017-06-26 06:35:06",150,17645
30906,"2017-03-01 21:22:48",100,17093
47020,"2017-12-21 12:46:02",100,18385
38083,"2017-07-01 23:13:12",150,17675
37464,"2017-06-25 14:01:08",50,17638
46208,"2017-12-09 09:44:28",100,18321
31205,"2017-03-06 19:24:24",150,17113
31419,"2017-03-12 16:31:07",150,17151
39785,"2017-08-20 23:27:13",150,17827
44031,"2017-11-12 14:21:17",250,18143
37095,"2017-06-16 01:44:53",100,17596
42942,"2017-10-19 11:51:28",150,18032
46790,"2017-12-17 10:27:11",150,18357
32621,"2017-03-22 10:47:42",100,17217
45380,"2017-11-26 23:32:32",50,18243
42095,"2017-10-08 00:29:18",50,17992
34107,"2017-04-22 09:42:55",150,17362
42708,"2017-10-19 19:45:45",100,18035
44503,"2017-11-17 01:15:57",50,18170
41809,"2017-10-02 12:47:31",100,17970
28247,"2017-01-18 18:32:05",150,16884
42822,"2017-10-21 18:15:55",100,18045
33002,"2017-03-28 05:30:38",100,17248
43604,"2017-10-31 15:07:35",200,18084
41293,"2017-09-18 21:37:41",150,17924
30059,"2017-02-16 21:03:36",100,17032
42570,"2017-10-14 10:28:42",50,18010
47382,"2017-12-26 09:53:20",250,18412
44363,"2017-11-12 11:39:05",250,18142
38422,"2017-07-08 22:34:39",250,17704
39475,"2017-08-13 20:57:46",50,17802
37088,"2017-06-18 02:49:31",150,17605
38901,"2017-07-22 07:32:28",200,17753
47192,"2017-12-21 06:39:07",100,18383
38287,"2017-07-11 12:58:53",100,17707
39586,"2017-08-15 19:49:38",100,17806
39049,"2017-07-26 22:28:33",100,17773
42535,"2017-10-15 09:59:22",100,18017
45005,"2017-11-21 19:51:36",50,18209
45923,"2017-12-01 06:25:58",150,18272
46968,"2017-12-20 07:22:44",100,18377
34511,"2017-05-02 18:11:06",150,17401
32416,"2017-03-24 16:18:56",50,17228
28625,"2017-01-23 06:47:28",50,16913
43529,"2017-10-28 23:20:00",50,18075
32448,"2017-03-20 13:13:49",100,17205
45126,"2017-11-30 03:50:05",50,18265
37956,"2017-07-02 07:05:41",100,17678
38260,"2017-07-05 20:29:06",100,17691
44708,"2017-11-19 11:44:51",150,18191
45153,"2017-11-24 09:32:58",100,18220
44143,"2017-11-10 02:16:52",50,18129
40960,"2017-09-11 00:34:23",150,17899
35892,"2017-05-28 19:07:23",100,17517
36664,"2017-06-12 02:44:18",50,17577
44402,"2017-11-17 06:55:03",100,18173
29847,"2017-02-10 19:48:02",50,16999
31574,"2017-03-10 09:15:58",100,17135
29245,"2017-01-30 17:23:01",50,16954
40930,"2017-09-14 08:16:13",250,17913
44122,"2017-11-11 03:59:48",25,18137
44203,"2017-11-13 13:36:04",150,18150
32685,"2017-03-26 17:55:14",100,17239
36314,"2017-06-04 15:55:46",150,17540
29201,"2017-02-03 17:07:38",150,16972
43401,"2017-10-29 17:39:53",200,18079
41751,"2017-09-27 20:38:09",50,17954
43769,"2017-11-08 16:45:23",150,18123
31191,"2017-03-11 11:29:03",150,17145
37368,"2017-06-20 21:05:34",100,17616
46165,"2017-12-05 19:45:33",50,18305
36956,"2017-06-17 20:59:37",50,17602
42446,"2017-10-11 16:38:19",50,17998
27998,"2017-01-14 02:13:38",100,16870
33517,"2017-04-09 12:41:16",150,17314
29911,"2017-02-13 23:56:15",100,17018
29434,"2017-02-06 11:07:35",25,16981
39275,"2017-08-01 07:27:36",50,17783
38621,"2017-07-17 02:12:27",150,17731
33839,"2017-04-16 09:54:33",200,17346
29550,"2017-02-10 08:21:34",100,16997
46490,"2017-12-10 05:34:09",50,18325
44348,"2017-11-16 10:20:20",150,18165
29958,"2017-02-14 10:58:31",50,17022
46755,"2017-12-15 09:58:36",50,18345
38865,"2017-07-21 18:58:50",100,17750
30704,"2017-02-26 21:22:08",100,17076
47459,"2017-12-26 19:55:41",150,18415
38261,"2017-07-07 22:06:47",200,17699
40009,"2017-08-29 03:38:53",100,17859
39062,"2017-07-24 15:43:17",50,17760
35713,"2017-05-25 16:27:07",50,17505
30939,"2017-03-06 11:16:49",100,17111
45524,"2017-12-01 17:55:48",100,18278
45321,"2017-11-24 02:52:03",200,18217
43474,"2017-10-31 15:42:57",100,18085
34708,"2017-05-02 08:02:41",100,17398
37704,"2017-06-26 13:50:45",200,17647
47498,"2018-01-02 03:48:19",100,18441
40145,"2017-08-28 18:08:57",100,17857
43961,"2017-11-06 18:49:04",200,18113
27911,"2017-01-07 08:19:12",50,16848
40302,"2017-08-28 01:47:57",200,17851
30520,"2017-02-25 16:12:36",100,17071
32531,"2017-03-27 18:22:54",150,17244
34307,"2017-04-23 01:02:44",100,17363
39242,"2017-08-01 22:15:54",50,17784
41639,"2017-09-23 16:50:26",200,17938
33994,"2017-04-15 15:54:15",200,17340
30223,"2017-02-18 11:36:21",100,17041
47577,"2017-12-29 18:16:47",100,18425
31970,"2017-03-15 09:07:18",200,17169
36504,"2017-06-04 21:26:06",200,17541
32432,"2017-03-23 02:15:53",150,17222
34765,"2017-05-06 06:23:22",100,17412
28439,"2017-01-19 04:18:02",50,16888
46153,"2017-12-04 02:47:53",100,18296
46230,"2017-12-11 06:11:22",150,18330
37816,"2017-06-26 16:52:37",100,17648
33534,"2017-04-09 17:57:29",100,17316
43716,"2017-11-05 13:17:12",100,18107
40296,"2017-08-29 06:02:29",50,17860
41393,"2017-09-25 21:48:04",150,17944
46329,"2017-12-10 00:06:33",150,18324
44798,"2017-11-23 14:56:47",100,18215
43618,"2017-11-04 18:36:33",100,18104
31344,"2017-03-12 01:37:46",200,17147
45753,"2017-11-29 12:00:42",150,18256
33830,"2017-04-13 05:05:33",150,17326
46521,"2017-12-13 07:50:36",150,18336
39723,"2017-08-15 16:12:45",150,17804
33378,"2017-04-06 02:50:42",100,17299
43367,"2017-10-25 18:35:13",150,18060
46681,"2017-12-14 18:39:45",100,18341
31556,"2017-03-12 17:59:30",250,17152
42423,"2017-10-12 19:01:11",100,18003
46996,"2017-12-18 18:07:09",250,18369
33608,"2017-04-08 19:47:21",150,17311
31037,"2017-03-04 23:54:32",200,17104
36786,"2017-06-15 20:59:47",250,17595
28340,"2017-01-21 02:31:03",200,16902
35378,"2017-05-18 01:46:06",100,17461
47122,"2017-12-21 19:11:39",200,18391
42862,"2017-10-16 23:35:15",150,18022
40203,"2017-08-26 12:49:34",150,17844
37585,"2017-06-27 19:41:36",150,17652
30264,"2017-02-19 05:13:45",50,17046
32267,"2017-03-22 23:21:12",50,17220
32860,"2017-03-30 02:33:04",100,17255
30903,"2017-03-03 22:53:08",100,17101
31848,"2017-03-12 09:50:50",150,17149
46021,"2017-12-05 10:59:17",100,18303
32313,"2017-03-18 12:20:14",150,17191
43110,"2017-10-20 21:14:43",50,18041
42328,"2017-10-06 04:47:39",100,17984
34567,"2017-04-26 03:42:59",150,17377
29181,"2017-02-01 16:10:36",50,16965
33197,"2017-03-30 10:44:30",150,17258
29925,"2017-02-13 11:15:18",100,17013
27910,"2017-01-07 12:11:34",100,16849
28791,"2017-01-28 18:59:09",25,16947
43599,"2017-10-28 23:53:12",50,18076
33242,"2017-04-05 21:05:52",100,17297
34997,"2017-05-06 17:26:57",50,17416
42268,"2017-10-04 20:53:15",100,17978
46215,"2017-12-09 01:27:43",50,18319
39126,"2017-07-25 22:51:57",100,17768
32243,"2017-03-17 13:24:09",150,17186
45717,"2017-12-06 07:35:47",25,18306
45471,"2017-12-02 12:41:56",50,18284
30618,"2017-03-01 17:14:48",100,17091
42886,"2017-10-17 06:01:10",100,18024
31161,"2017-03-09 14:10:27",100,17132
38724,"2017-07-19 20:34:28",100,17739
35248,"2017-05-19 14:25:13",150,17467
35050,"2017-05-10 22:28:04",100,17432
30822,"2017-03-03 13:14:20",50,17098
45670,"2017-12-03 01:30:33",50,18289
40641,"2017-09-09 22:09:22",50,17895
44297,"2017-11-12 03:50:56",100,18141
36397,"2017-06-05 02:25:09",50,17543
38190,"2017-07-06 09:47:16",50,17694
37706,"2017-06-24 08:02:40",150,17634
44234,"2017-11-10 14:02:37",150,18134
40903,"2017-09-09 04:57:43",50,17891
29049,"2017-01-28 16:04:53",100,16945
44098,"2017-11-14 17:39:12",150,18157
46737,"2017-12-18 08:19:33",50,18366
32043,"2017-03-16 20:05:54",50,17179
33263,"2017-04-02 23:40:14",50,17286
47325,"2017-12-24 19:33:02",100,18406
44595,"2017-11-17 15:32:44",200,18178
29567,"2017-02-10 23:32:05",100,17001
47338,"2017-12-31 15:46:58",200,18436
39725,"2017-08-18 13:29:21",25,17815
45965,"2017-12-01 03:58:11",100,18270
45228,"2017-11-28 16:26:58",200,18248
29955,"2017-02-13 22:31:14",25,17017
42289,"2017-10-06 16:06:24",150,17987
32601,"2017-03-27 14:06:18",25,17240
35601,"2017-05-22 20:43:23",250,17482
37927,"2017-06-30 14:20:10",150,17667
28358,"2017-01-18 00:19:58",100,16879
44645,"2017-11-21 00:31:45",100,18200
38665,"2017-07-19 00:27:41",150,17737
38712,"2017-07-19 03:22:47",150,17738
34806,"2017-05-07 14:59:37",100,17418
33172,"2017-04-04 13:08:41",150,17291
47487,"2017-12-30 10:10:36",100,18433
46585,"2017-12-13 04:22:51",50,18334
36191,"2017-05-29 15:18:03",100,17523
47253,"2017-12-27 18:30:35",50,18419
30826,"2017-02-28 09:01:14",50,17086
36922,"2017-06-13 13:55:26",150,17581
29160,"2017-02-01 08:30:25",100,16962
29277,"2017-01-30 14:50:15",25,16953
34409,"2017-04-25 20:02:50",200,17375
28230,"2017-01-19 01:04:39",50,16886
37490,"2017-06-22 21:12:14",150,17628
35873,"2017-05-26 22:59:33",150,17512
35145,"2017-05-13 09:56:27",250,17440
46548,"2017-12-09 22:25:45",200,18323
28359,"2017-01-21 22:09:53",100,16909
46939,"2017-12-20 09:33:18",100,18379
32059,"2017-03-17 06:14:10",50,17182
33758,"2017-04-13 13:40:27",150,17330
34768,"2017-05-01 04:44:50",150,17396
39019,"2017-07-28 02:47:54",200,17776
33630,"2017-04-09 11:04:23",50,17313
31151,"2017-03-07 12:49:37",150,17117
29782,"2017-02-12 18:12:28",150,17010
32858,"2017-03-25 13:28:37",100,17232
30971,"2017-03-07 21:14:08",25,17120
46890,"2017-12-16 16:31:06",100,18354
44989,"2017-11-20 22:39:39",100,18199
29420,"2017-02-05 10:56:09",25,16978
37660,"2017-07-01 15:11:55",100,17673
45381,"2017-11-25 06:42:52",100,18233
44678,"2017-11-20 15:10:11",150,18197
36706,"2017-06-11 15:48:05",100,17575
43949,"2017-11-07 09:55:18",100,18117
44652,"2017-11-17 14:18:22",100,18177
33835,"2017-04-15 07:52:49",100,17338
29450,"2017-02-07 08:37:38",50,16986
39684,"2017-08-16 04:07:32",50,17807
31807,"2017-03-12 21:05:42",100,17154
42909,"2017-10-16 19:25:17",100,18021
47467,"2017-12-27 06:01:26",50,18418
41962,"2017-09-29 09:13:34",150,17962
30728,"2017-03-05 04:27:54",200,17105
30130,"2017-02-17 09:33:10",50,17036
45533,"2017-11-28 21:43:27",200,18250
35476,"2017-05-23 04:55:44",50,17484
40485,"2017-09-06 10:02:29",200,17882
46976,"2017-12-17 14:39:05",150,18358
33673,"2017-04-12 11:27:53",50,17322
35258,"2017-05-13 04:20:28",100,17439
40281,"2017-08-27 19:57:18",50,17850
40839,"2017-09-08 11:23:01",150,17890
34367,"2017-04-23 16:54:16",50,17366
37533,"2017-06-28 08:23:38",50,17657
44058,"2017-11-08 17:44:13",150,18124
37366,"2017-06-23 01:04:37",150,17631
47088,"2017-12-22 01:43:22",150,18392
36735,"2017-06-11 05:45:34",100,17573
28394,"2017-01-21 06:46:50",100,16905
29279,"2017-02-01 08:38:59",100,16963
30282,"2017-02-18 09:21:42",100,17038
32249,"2017-03-21 11:14:28",250,17212
37244,"2017-06-20 23:28:35",50,17618
39358,"2017-08-12 01:54:31",150,17797
41727,"2017-09-26 03:35:48",150,17946
41801,"2017-10-01 04:44:34",250,17967
40996,"2017-09-15 00:38:45",100,17916
40708,"2017-09-09 09:14:32",100,17892
43022,"2017-10-25 08:25:10",50,18058
40804,"2017-09-11 17:22:08",150,17902
35001,"2017-05-09 22:34:52",150,17428
34629,"2017-05-01 02:27:03",200,17395
28846,"2017-01-24 05:15:09",50,16921
37807,"2017-06-28 22:03:14",100,17662
46559,"2017-12-15 09:26:56",100,18344
29025,"2017-01-31 17:38:31",50,16959
44957,"2017-11-25 06:11:03",50,18232
38224,"2017-07-05 02:00:55",150,17685
32020,"2017-03-14 16:22:32",100,17164
41413,"2017-09-19 17:16:56",50,17928
28689,"2017-01-22 02:29:41",200,16910
27845,"2017-01-03 18:53:43",100,16845
30185,"2017-02-18 15:47:26",50,17043
38025,"2017-07-01 02:52:23",200,17671
36327,"2017-06-04 01:33:43",150,17539
42788,"2017-10-13 16:22:08",100,18006
33884,"2017-04-15 06:16:00",150,17337
31697,"2017-03-15 09:45:10",200,17170
46837,"2017-12-19 23:56:16",150,18376
36830,"2017-06-10 22:00:21",200,17570
46866,"2017-12-15 03:30:05",150,18343
39906,"2017-08-20 13:18:48",200,17823
33744,"2017-04-11 12:14:05",150,17319
28428,"2017-01-22 19:27:24",100,16911
42741,"2017-10-18 19:40:41",100,18029
47687,"2017-12-30 09:05:28",100,18432
39346,"2017-08-05 01:39:21",150,17787
37204,"2017-06-16 10:45:58",50,17597
46877,"2017-12-16 07:02:34",100,18351
34369,"2017-04-23 18:13:58",100,17367
47164,"2017-12-25 17:36:02",50,18410
44574,"2017-11-15 20:03:21",150,18162
47712,"2017-12-31 09:05:20",50,18434
37506,"2017-06-28 04:05:18",100,17655
37245,"2017-06-21 13:58:58",100,17623
45518,"2017-12-02 13:25:31",250,18285
40250,"2017-08-26 19:39:24",100,17846
38882,"2017-07-27 08:44:19",150,17774
33942,"2017-04-17 05:54:05",50,17348
32767,"2017-03-27 15:37:54",100,17242
40359,"2017-09-01 14:41:39",150,17869
28860,"2017-01-25 01:17:00",50,16925
45302,"2017-11-25 19:50:54",150,18238
45416,"2017-11-25 14:27:47",100,18235
35877,"2017-05-26 17:56:23",200,17509
45024,"2017-11-23 07:43:18",50,18214
41518,"2017-09-23 10:42:20",100,17937
46004,"2017-12-07 10:20:57",50,18310
40929,"2017-09-09 23:31:00",250,17896
44240,"2017-11-13 05:44:31",50,18146
44426,"2017-11-16 12:37:54",150,18166
39794,"2017-08-17 05:54:59",200,17812
34809,"2017-05-02 23:33:05",100,17402
39022,"2017-07-25 19:05:05",150,17766
32303,"2017-03-20 11:27:56",150,17203
44492,"2017-11-21 14:29:30",100,18205
42005,"2017-10-05 09:39:35",150,17980
30008,"2017-02-15 01:01:32",150,17023
43942,"2017-11-08 18:54:18",25,18125
32668,"2017-03-24 22:51:23",200,17229
28440,"2017-01-19 14:40:02",50,16889
38256,"2017-07-07 20:01:35",250,17698
30544,"2017-02-25 07:04:34",50,17070
39077,"2017-07-25 21:10:32",50,17767
43404,"2017-10-26 14:14:48",150,18063
40938,"2017-09-12 12:39:26",25,17906
39512,"2017-08-11 02:58:12",100,17794
34872,"2017-05-09 13:07:04",50,17426
45428,"2017-12-02 07:40:53",100,18283
39964,"2017-08-24 19:56:33",50,17842
43361,"2017-10-28 22:01:07",100,18073
28788,"2017-01-26 23:33:04",50,16939
47671,"2017-12-30 01:39:50",200,18429
40783,"2017-09-13 13:08:37",50,17911
43191,"2017-10-22 02:57:45",150,18047
43248,"2017-10-23 06:27:01",50,18051
37965,"2017-07-05 11:56:42",100,17689
30674,"2017-02-26 14:50:58",150,17075
43279,"2017-10-24 13:53:23",100,18056
39963,"2017-08-29 00:12:52",50,17858
40827,"2017-09-07 09:06:07",50,17885
32174,"2017-03-20 15:51:29",100,17208
45251,"2017-11-24 08:56:31",200,18219
30039,"2017-02-21 00:53:11",150,17055
38475,"2017-07-14 10:34:04",25,17721
44826,"2017-11-24 13:28:51",50,18222
29761,"2017-02-13 01:59:04",100,17012
35112,"2017-05-10 09:29:18",100,17429
41369,"2017-09-21 06:48:52",50,17929
29342,"2017-02-02 17:34:03",100,16970
32258,"2017-03-20 16:44:10",100,17209
40902,"2017-09-10 04:45:42",150,17898
37866,"2017-07-01 00:58:44",150,17670
47090,"2017-12-20 09:48:58",150,18380
38513,"2017-07-16 19:14:21",100,17727
28525,"2017-01-21 03:15:31",50,16903
35977,"2017-05-25 05:55:00",150,17502
34523,"2017-05-03 00:17:18",150,17403
45625,"2017-12-02 23:18:43",150,18288
31348,"2017-03-13 00:22:41",150,17155
44180,"2017-11-09 19:31:04",150,18128
30931,"2017-03-01 17:45:36",200,17092
40626,"2017-09-04 22:39:56",100,17878
45994,"2017-12-02 22:27:07",100,18287
36769,"2017-06-09 15:30:17",50,17564
38668,"2017-07-16 20:59:41",150,17728
33918,"2017-04-17 13:01:20",100,17349
27940,"2017-01-07 13:16:41",200,16850
41300,"2017-09-18 17:02:01",50,17923
45081,"2017-11-25 05:43:11",200,18231
40146,"2017-08-28 12:01:25",200,17854
44606,"2017-11-18 14:11:17",200,18183
33594,"2017-04-10 08:15:54",200,17317
47066,"2017-12-19 18:40:36",100,18375
28384,"2017-01-21 16:42:45",150,16907
47225,"2017-12-23 08:48:30",50,18402
33922,"2017-04-18 03:58:07",100,17353
35039,"2017-05-12 12:14:34",50,17435
45049,"2017-11-24 14:43:27",150,18224
33201,"2017-03-31 17:20:48",100,17272
39995,"2017-08-23 18:59:00",50,17838
34818,"2017-05-08 19:45:40",150,17422
40593,"2017-09-03 12:03:46",200,17874
44416,"2017-11-17 00:49:22",50,18169
41803,"2017-09-28 14:21:48",100,17957
47576,"2017-12-30 03:48:54",50,18430
33852,"2017-04-13 20:35:50",100,17332
43650,"2017-10-31 10:09:14",25,18081
31997,"2017-03-16 10:52:21",100,17176
40160,"2017-08-28 03:47:04",100,17852
43870,"2017-11-05 11:53:07",100,18106
45924,"2017-12-06 15:15:14",100,18307
27977,"2017-01-09 14:09:18",25,16855
29367,"2017-02-06 08:02:41",200,16979
43827,"2017-11-04 11:13:42",250,18102
35878,"2017-05-24 12:48:31",100,17495
37130,"2017-06-15 17:52:18",100,17594
42481,"2017-10-15 03:12:23",100,18015
41333,"2017-09-21 22:15:33",50,17933
45611,"2017-12-01 15:37:50",100,18277
41964,"2017-09-29 08:13:34",100,17961
37638,"2017-06-27 20:05:07",200,17653
28805,"2017-01-25 02:49:43",200,16926
28611,"2017-01-21 05:23:44",50,16904
42231,"2017-10-08 10:33:08",150,17993
38585,"2017-07-12 16:31:50",150,17710
37061,"2017-06-18 09:59:39",150,17608
34705,"2017-05-03 09:32:19",100,17405
37099,"2017-06-20 06:26:38",150,17614
34051,"2017-04-21 12:08:33",100,17359
33400,"2017-04-05 07:38:27",200,17296
37327,"2017-06-18 23:58:48",150,17612
33223,"2017-04-01 16:09:12",150,17278
45876,"2017-12-07 12:22:42",25,18312
42993,"2017-10-19 16:58:16",25,18033
46824,"2017-12-16 05:42:29",100,18350
40792,"2017-09-11 12:22:29",250,17901
28968,"2017-01-27 18:54:14",100,16942
43405,"2017-10-30 20:26:18",100,18080
45042,"2017-11-27 20:02:14",50,18246
31181,"2017-03-10 04:24:24",50,17134
34537,"2017-05-02 13:09:41",50,17400
42856,"2017-10-15 18:00:33",150,18019
46711,"2017-12-16 08:26:39",100,18352
32524,"2017-03-23 00:56:23",100,17221
42038,"2017-10-05 07:12:09",200,17979
39209,"2017-07-28 05:28:53",25,17777
35840,"2017-05-27 16:11:57",150,17514
40083,"2017-08-27 05:17:25",50,17848
34497,"2017-04-29 10:22:11",200,17391
33853,"2017-04-15 18:15:23",50,17341
43423,"2017-10-27 12:25:38",50,18068
38068,"2017-07-05 09:04:21",50,17688
29908,"2017-02-13 00:23:57",200,17011
28090,"2017-01-15 23:42:55",100,16873
39405,"2017-08-08 18:35:46",100,17790
31143,"2017-03-09 12:47:10",150,17130
47033,"2017-12-22 21:24:54",100,18397
31952,"2017-03-18 08:01:55",100,17190
40228,"2017-08-28 16:33:57",150,17856
38028,"2017-07-02 10:13:34",100,17679
28245,"2017-01-15 17:18:09",100,16871
45472,"2017-11-30 03:24:35",150,18264
34463,"2017-04-28 20:35:27",50,17387
46247,"2017-12-06 18:27:55",50,18308
37606,"2017-06-24 03:31:22",150,17633
38216,"2017-07-08 09:56:16",100,17701
39966,"2017-08-21 23:01:14",150,17832
42973,"2017-10-21 04:04:30",150,18043
28623,"2017-01-26 18:34:10",100,16935
44170,"2017-11-15 03:21:12",50,18159
38602,"2017-07-13 11:55:27",150,17714
38769,"2017-07-21 08:18:13",50,17746
42269,"2017-10-08 22:22:02",100,17994
37401,"2017-06-24 16:35:04",50,17635
28934,"2017-02-01 19:36:10",100,16967
32141,"2017-03-16 20:50:33",50,17180
43477,"2017-11-01 01:45:46",100,18088
41455,"2017-09-29 12:06:30",150,17963
45921,"2017-11-30 08:02:05",150,18267
37784,"2017-06-28 04:05:56",200,17656
44299,"2017-11-17 10:27:49",100,18174
31541,"2017-03-12 07:38:01",50,17148
28984,"2017-01-26 21:33:53",100,16938
39215,"2017-07-26 16:52:26",150,17772
47425,"2017-12-27 21:18:31",200,18420
37835,"2017-06-30 09:31:22",100,17665
28460,"2017-01-18 13:46:45",250,16883
45404,"2017-11-29 23:32:53",100,18261
33927,"2017-04-13 11:44:35",100,17329
30925,"2017-03-03 01:31:30",50,17097
45613,"2017-11-30 13:13:22",100,18268
46791,"2017-12-13 22:24:13",50,18338
28531,"2017-01-25 00:23:33",50,16924
30875,"2017-03-01 11:37:04",150,17088
46451,"2017-12-10 23:43:16",25,18328
30076,"2017-02-20 00:48:04",50,17052
36219,"2017-05-30 19:50:19",100,17526
39809,"2017-08-19 06:54:26",100,17818
37425,"2017-06-26 00:55:06",150,17642
34209,"2017-04-19 08:10:04",50,17355
28116,"2017-01-12 15:46:58",100,16866
45699,"2017-12-03 07:49:21",50,18292
39692,"2017-08-20 11:41:51",100,17822
31895,"2017-03-13 08:14:15",100,17157
34753,"2017-04-30 13:57:20",100,17393
40820,"2017-09-10 04:29:28",200,17897
31557,"2017-03-15 15:15:20",50,17171
30579,"2017-02-23 18:34:59",25,17066
30148,"2017-02-22 22:08:11",100,17060
43263,"2017-10-26 21:41:10",100,18065
36873,"2017-06-14 09:10:02",100,17585
46827,"2017-12-21 13:34:15",50,18387
35228,"2017-05-17 22:48:06",200,17459
31266,"2017-03-09 06:08:50",150,17128
47647,"2018-01-02 23:26:26",150,18442
29713,"2017-02-08 17:26:21",150,16992
44651,"2017-11-19 06:00:14",50,18187
32105,"2017-03-22 08:10:36",100,17216
31267,"2017-03-10 19:54:00",150,17140
41456,"2017-09-23 06:36:11",150,17936
45056,"2017-11-23 21:30:45",50,18216
45624,"2017-11-29 23:31:18",50,18260
28730,"2017-01-25 19:51:21",100,16932
34794,"2017-05-06 09:21:16",50,17413
34538,"2017-04-25 21:30:17",50,17376
37485,"2017-06-28 11:22:15",50,17661
36838,"2017-06-11 08:36:10",200,17574
32447,"2017-03-22 05:35:56",50,17215
33106,"2017-03-30 20:02:18",50,17262
40882,"2017-09-12 10:07:34",50,17905
30943,"2017-03-04 00:16:06",100,17102
34749,"2017-05-03 16:22:12",50,17406
35064,"2017-05-09 03:35:07",50,17425
31441,"2017-03-10 17:16:31",150,17139
41874,"2017-09-29 02:16:26",100,17958
41896,"2017-10-02 01:24:43",150,17969
35353,"2017-05-19 05:58:20",200,17466
33187,"2017-04-02 11:45:18",50,17282
42680,"2017-10-14 15:24:06",50,18012
46415,"2017-12-11 05:23:33",50,18329
32247,"2017-03-24 07:32:03",200,17227
40869,"2017-09-13 06:04:54",100,17908
45259,"2017-11-26 13:38:19",150,18242
30718,"2017-02-28 04:24:12",50,17082
39859,"2017-08-21 14:34:31",250,17830
35328,"2017-05-16 13:34:55",100,17450
34117,"2017-04-24 00:39:09",100,17369
28561,"2017-01-20 18:21:16",100,16897
29987,"2017-02-16 21:07:59",250,17033
41224,"2017-09-18 03:18:04",100,17922
45767,"2017-12-03 10:57:40",100,18293
35358,"2017-05-17 04:21:04",100,17454
28026,"2017-01-09 20:51:27",150,16857
31227,"2017-03-07 16:57:44",200,17119
42984,"2017-10-23 01:27:47",100,18049
30099,"2017-02-20 06:57:28",100,17054
34525,"2017-04-26 03:43:03",150,17378
30196,"2017-02-23 07:08:41",50,17063
33859,"2017-04-15 23:42:35",150,17342
33342,"2017-04-02 21:05:31",50,17285
28903,"2017-01-28 17:58:16",100,16946
30329,"2017-02-19 21:05:39",50,17050
31090,"2017-03-09 00:23:26",50,17126
42035,"2017-10-02 15:01:32",150,17972
27973,"2017-01-13 21:50:00",150,16869
45618,"2017-11-30 16:15:33",150,18269
29870,"2017-02-18 11:53:46",200,17042
42799,"2017-10-15 09:27:23",100,18016
28806,"2017-01-25 11:11:41",50,16929
44757,"2017-11-18 12:16:30",150,18182
46134,"2017-12-08 07:41:35",100,18316
41748,"2017-09-29 05:02:06",100,17960
41733,"2017-09-30 21:59:38",50,17966
29948,"2017-02-15 22:01:14",100,17025
43411,"2017-10-27 16:59:47",50,18069
34610,"2017-04-28 03:05:58",100,17384
33060,"2017-03-30 06:19:10",50,17257
41334,"2017-09-19 03:04:09",50,17925
35673,"2017-05-20 18:38:26",50,17472
33051,"2017-03-29 18:07:46",50,17253
39884,"2017-08-21 00:52:45",100,17828
36048,"2017-05-26 22:12:39",100,17510
33308,"2017-04-09 12:52:36",50,17315
34512,"2017-04-28 21:21:48",250,17388
31368,"2017-03-13 22:14:56",50,17160
35481,"2017-05-17 21:38:22",50,17458
30420,"2017-02-26 14:00:26",100,17074
31520,"2017-03-15 01:54:15",100,17167
29969,"2017-02-17 05:43:13",150,17034
41938,"2017-10-01 23:55:50",50,17968
33114,"2017-04-02 14:49:45",100,17283
43105,"2017-10-20 19:57:56",100,18040
41937,"2017-10-04 06:34:39",25,17975
30859,"2017-02-28 07:34:58",150,17084
33302,"2017-04-07 11:02:47",50,17306
40069,"2017-08-28 10:55:28",100,17853
39465,"2017-08-10 09:47:16",100,17792
45900,"2017-12-03 03:21:02",50,18290
31087,"2017-03-04 12:11:08",100,17103
38638,"2017-07-21 03:22:02",100,17745
42196,"2017-10-05 17:54:53",150,17982
34877,"2017-05-04 02:03:22",100,17408
45419,"2017-11-29 18:12:49",50,18257
32935,"2017-03-28 05:58:50",200,17249
43008,"2017-10-18 21:49:31",50,18030
33610,"2017-04-14 23:22:23",200,17336
39534,"2017-08-10 20:38:59",150,17793
27969,"2017-01-08 01:18:23",100,16853
33149,"2017-03-31 04:03:17",200,17267
34228,"2017-04-24 08:55:39",150,17372
29602,"2017-02-11 18:59:19",150,17005
34192,"2017-04-25 01:47:43",150,17374
44449,"2017-11-19 20:58:21",50,18194
33430,"2017-04-09 04:04:21",50,17312
32121,"2017-03-20 13:10:12",50,17204
28203,"2017-01-16 17:06:29",100,16876
39897,"2017-08-22 06:49:44",100,17833
37272,"2017-06-17 03:06:12",25,17600
45678,"2017-11-29 03:52:16",150,18253
45357,"2017-11-24 13:53:25",100,18223
35598,"2017-05-23 21:43:07",100,17489
33267,"2017-04-03 10:08:01",150,17287
30410,"2017-03-01 04:20:24",50,17087
40448,"2017-09-05 17:54:38",100,17880
45233,"2017-11-26 05:42:38",100,18239
47110,"2017-12-22 05:08:28",100,18395
30035,"2017-02-13 20:57:39",50,17016
43536,"2017-10-31 15:01:05",150,18083
40042,"2017-08-26 19:22:11",100,17845
32449,"2017-03-20 15:11:16",50,17207
47742,"2018-01-04 12:51:41",50,18448
36934,"2017-06-15 06:27:47",50,17590
42889,"2017-10-21 02:46:26",100,18042
44526,"2017-11-18 15:11:37",100,18184
29363,"2017-02-06 15:40:46",100,16982
44303,"2017-11-13 17:53:24",50,18152
39760,"2017-08-21 10:31:48",200,17829
30934,"2017-03-07 22:00:32",50,17121
34231,"2017-04-19 20:48:45",50,17357
28589,"2017-01-25 05:15:13",50,16927
35879,"2017-05-24 12:26:17",100,17494
28604,"2017-01-26 01:57:29",100,16933
36773,"2017-06-15 11:22:57",25,17592
28578,"2017-01-27 22:05:27",200,16943
30150,"2017-02-18 10:47:03",200,17040
38413,"2017-07-12 00:23:14",25,17708
46687,"2017-12-16 04:18:26",200,18349
30414,"2017-02-22 14:28:53",200,17059
35816,"2017-05-23 07:27:34",100,17485
31157,"2017-03-10 23:23:30",100,17141
38327,"2017-07-10 07:18:57",150,17705
36492,"2017-06-06 04:47:28",100,17552
44429,"2017-11-16 03:37:52",100,18164
37122,"2017-06-18 22:12:06",150,17611
46918,"2017-12-19 12:51:20",50,18374
33020,"2017-03-31 00:03:45",50,17263
39777,"2017-08-17 01:33:30",100,17811
44030,"2017-11-12 17:15:05",150,18144
46083,"2017-12-04 16:08:13",100,18301
33321,"2017-04-08 11:25:44",200,17307
35235,"2017-05-12 06:13:59",150,17434
46839,"2017-12-17 00:44:51",100,18355
45935,"2017-12-01 22:57:00",150,18279
37010,"2017-06-16 13:38:03",25,17599
45724,"2017-12-04 01:37:05",100,18295
45596,"2017-12-01 07:16:50",50,18274
44768,"2017-11-24 03:44:01",25,18218
28033,"2017-01-16 05:08:41",100,16874
42045,"2017-10-04 07:38:23",150,17976
31134,"2017-03-06 08:23:51",150,17110
31040,"2017-03-09 20:59:10",100,17133
42797,"2017-10-14 21:48:21",50,18014
30297,"2017-02-18 16:00:00",150,17044
44677,"2017-11-20 17:29:09",50,18198
38959,"2017-07-23 00:55:58",100,17757
31198,"2017-03-06 02:15:30",100,17108
30738,"2017-03-02 01:17:04",150,17094
47102,"2017-12-21 18:55:42",50,18390
40800,"2017-09-08 04:18:07",100,17888
32717,"2017-03-28 01:10:21",150,17245
41866,"2017-10-03 22:52:17",100,17974
41106,"2017-09-14 09:31:15",100,17914
35781,"2017-05-26 10:13:58",25,17507
28362,"2017-01-18 18:36:01",100,16885
41439,"2017-09-21 20:34:05",100,17932
39827,"2017-08-21 15:35:53",100,17831
39246,"2017-07-27 14:32:29",50,17775
35920,"2017-05-31 12:28:08",100,17529
44958,"2017-11-25 02:44:08",50,18230
46712,"2017-12-18 12:31:16",25,18368
38897,"2017-07-23 14:28:29",150,17759
40111,"2017-08-23 20:41:51",200,17839
40268,"2017-08-29 19:13:26",200,17862
30879,"2017-03-08 06:11:22",150,17122
36665,"2017-06-05 21:33:18",50,17550
41882,"2017-09-27 01:55:34",150,17950
32232,"2017-03-16 16:37:56",50,17178
33044,"2017-03-30 16:30:06",150,17261
35939,"2017-05-25 11:07:52",25,17503
28068,"2017-01-12 00:15:49",25,16864
36620,"2017-06-05 20:24:33",100,17548
44087,"2017-11-10 06:39:05",150,18131
41108,"2017-09-17 14:54:41",25,17920
38948,"2017-07-23 11:42:35",200,17758
44372,"2017-11-14 17:22:49",50,18156
33871,"2017-04-17 14:28:36",100,17350
37800,"2017-06-25 15:48:36",25,17639
34152,"2017-04-25 01:44:42",150,17373
30488,"2017-02-28 04:52:52",50,17083
35330,"2017-05-17 11:46:31",300,17455
32532,"2017-03-21 03:14:11",100,17211
33460,"2017-04-04 23:19:31",25,17293
38682,"2017-07-20 23:06:50",200,17744
33154,"2017-03-30 06:11:26",100,17256
38178,"2017-07-05 00:23:07",200,17684
46540,"2017-12-15 03:03:29",25,18342
30005,"2017-02-16 16:19:18",150,17031
38326,"2017-07-08 12:25:45",150,17702
43695,"2017-10-31 20:17:31",25,18087
41790,"2017-09-27 21:41:02",50,17955
46706,"2017-12-15 16:17:49",100,18347
46061,"2017-12-04 14:44:20",100,18300
40559,"2017-09-06 12:25:14",25,17883
46094,"2017-12-08 08:37:17",100,18317
39253,"2017-07-30 19:05:01",25,17780
43541,"2017-10-29 13:45:18",150,18077
42405,"2017-10-12 16:09:31",50,18000
36143,"2017-05-29 00:44:24",50,17519
47197,"2017-12-21 15:49:59",150,18389
37188,"2017-06-24 21:16:15",50,17636
41012,"2017-09-11 22:30:21",100,17903
44979,"2017-11-24 20:19:49",50,18226
36200,"2017-05-31 10:03:51",150,17527
30285,"2017-02-18 18:39:29",200,17045
42762,"2017-10-19 17:25:40",100,18034
38779,"2017-07-18 03:43:37",100,17734
34199,"2017-04-23 19:13:55",200,17368
44158,"2017-11-10 19:13:29",150,18135
44772,"2017-11-24 22:06:39",150,18227
34031,"2017-04-17 20:06:28",100,17352
47036,"2017-12-22 04:40:08",100,18394
29443,"2017-02-02 13:44:09",50,16968
36627,"2017-06-14 14:26:13",100,17586
36962,"2017-06-15 07:42:01",100,17591
45627,"2017-11-28 23:11:46",150,18251
35389,"2017-05-21 00:26:39",100,17474
28226,"2017-01-17 10:29:31",100,16878
40432,"2017-09-05 22:41:11",100,17881
33584,"2017-04-12 17:56:19",50,17323
33999,"2017-04-16 05:42:49",100,17344
36500,"2017-06-03 08:53:02",100,17538
30823,"2017-03-02 11:08:53",100,17095
40295,"2017-08-29 06:24:33",100,17861
32797,"2017-03-31 18:20:52",50,17274
28654,"2017-01-22 20:27:26",100,16912
40389,"2017-09-02 21:21:20",50,17871
47520,"2017-12-31 14:53:41",50,18435
38916,"2017-07-26 12:32:29",25,17770
39726,"2017-08-19 17:50:09",150,17820
31703,"2017-03-13 11:33:58",150,17159
47156,"2017-12-25 14:39:40",50,18409
31542,"2017-03-15 21:34:49",200,17173
34553,"2017-04-30 23:07:06",50,17394
46675,"2017-12-15 23:42:28",50,18348
37405,"2017-06-22 23:53:02",50,17630
30997,"2017-03-09 11:38:27",100,17129
47206,"2017-12-23 02:20:53",150,18398
41619,"2017-09-26 00:59:04",50,17945
44680,"2017-11-18 11:54:41",150,18181
32183,"2017-03-19 21:58:31",200,17198
32878,"2017-03-28 22:49:55",100,17251
29874,"2017-02-12 15:43:25",50,17009
33907,"2017-04-13 07:02:34",150,17327
32547,"2017-03-22 12:55:07",100,17218
28812,"2017-01-27 11:11:43",50,16941
37437,"2017-06-21 10:52:44",100,17622
39721,"2017-08-15 11:05:36",150,17803
46863,"2017-12-18 02:13:14",50,18363
43816,"2017-11-05 18:05:50",50,18108
33174,"2017-03-31 10:42:43",50,17270
37732,"2017-07-01 22:12:25",100,17674
42472,"2017-10-10 21:58:57",100,17996
31770,"2017-03-11 10:28:02",50,17144
47287,"2017-12-24 22:40:17",150,18407
37346,"2017-06-21 09:05:08",50,17621
44802,"2017-11-21 23:04:05",100,18212
47477,"2017-12-26 14:22:40",50,18413
44602,"2017-11-18 07:01:35",200,18180
38725,"2017-07-20 11:16:15",100,17743
39478,"2017-08-11 23:57:39",100,17796
39769,"2017-08-20 15:35:34",100,17825
31945,"2017-03-18 17:42:50",100,17195
39081,"2017-07-26 14:15:15",200,17771
44336,"2017-11-11 21:58:26",150,18139
30383,"2017-02-22 11:59:36",150,17058
38631,"2017-07-18 21:40:22",100,17736
35913,"2017-05-24 04:24:04",100,17493
33152,"2017-03-31 18:16:35",150,17273
35569,"2017-05-23 12:49:10",25,17486
33134,"2017-03-31 05:15:49",150,17269
39883,"2017-08-24 15:35:47",150,17841
35741,"2017-05-24 21:36:25",50,17497
42499,"2017-10-12 04:16:46",150,17999
44746,"2017-11-20 11:20:17",50,18195
39625,"2017-08-19 14:23:05",150,17819
37255,"2017-06-21 22:08:40",100,17624
34888,"2017-05-06 13:57:26",100,17415
39099,"2017-07-25 17:22:43",100,17765
41794,"2017-09-26 23:21:42",100,17949
29052,"2017-02-01 03:10:23",150,16961
35070,"2017-05-14 05:51:57",150,17442
43301,"2017-10-25 18:42:40",150,18061
47586,"2017-12-30 06:49:56",25,18431
36121,"2017-05-28 03:12:04",200,17515
38549,"2017-07-12 06:50:38",25,17709
32155,"2017-03-20 01:33:47",100,17200
38084,"2017-07-03 23:11:41",100,17681
29921,"2017-02-16 14:10:24",100,17030
38067,"2017-07-04 11:12:02",150,17683
36322,"2017-06-05 02:28:35",50,17544
35277,"2017-05-14 19:25:55",50,17447
31111,"2017-03-08 19:41:49",150,17124
29763,"2017-02-09 15:11:58",100,16996
37962,"2017-06-30 01:27:11",250,17664
33348,"2017-04-03 15:31:10",50,17288
29541,"2017-02-07 23:00:25",150,16990
39724,"2017-08-20 15:07:32",100,17824
32953,"2017-03-30 15:38:49",100,17260
29965,"2017-02-14 09:02:20",50,17020
42362,"2017-10-11 04:23:16",150,17997
30636,"2017-03-02 17:15:30",100,17096
40267,"2017-08-29 23:47:28",150,17863
43821,"2017-11-05 19:03:49",50,18109
31445,"2017-03-12 10:42:58",50,17150
30642,"2017-02-27 02:10:16",50,17078
30959,"2017-03-09 01:50:47",150,17127
33285,"2017-03-31 15:27:39",100,17271
38120,"2017-07-05 03:00:19",150,17686
29834,"2017-02-15 16:17:28",150,17024
39071,"2017-07-24 16:09:25",100,17761
43490,"2017-11-03 00:47:18",25,18098
31579,"2017-03-10 13:10:55",100,17137
44228,"2017-11-16 03:32:51",200,18163
39082,"2017-07-28 06:09:40",150,17778
37960,"2017-07-02 03:10:33",50,17676
36102,"2017-05-26 11:35:43",25,17508
33740,"2017-04-12 03:15:17",200,17320
35782,"2017-05-26 02:08:42",150,17506
43699,"2017-11-02 23:38:03",50,18097
35246,"2017-05-17 01:15:54",100,17453
37282,"2017-06-20 11:45:34",50,17615
37913,"2017-06-29 16:18:09",50,17663
35444,"2017-05-22 02:47:17",100,17478
31407,"2017-03-14 00:27:21",50,17162
35435,"2017-05-20 13:10:54",100,17471
43372,"2017-10-31 16:06:55",100,18086
44375,"2017-11-13 14:30:13",50,18151
42485,"2017-10-13 21:26:25",200,18008
39471,"2017-08-11 13:18:32",150,17795
38243,"2017-07-08 19:38:44",150,17703
31304,"2017-03-08 21:18:36",50,17125
33035,"2017-03-31 22:41:39",100,17275
44232,"2017-11-17 12:02:26",100,18175
32360,"2017-03-18 14:35:09",250,17193
30101,"2017-02-16 00:21:40",50,17027
36189,"2017-06-01 04:30:16",100,17531
31077,"2017-03-07 06:00:44",100,17115
44057,"2017-11-14 20:13:48",100,18158
37305,"2017-06-18 01:59:29",150,17603
46783,"2017-12-13 02:26:22",200,18333
44173,"2017-11-13 09:41:39",100,18148
30716,"2017-03-03 16:23:40",150,17099
38772,"2017-07-17 16:46:39",100,17733
42980,"2017-10-20 10:02:00",100,18038
39016,"2017-07-21 12:46:37",100,17749
35736,"2017-05-21 13:12:39",100,17477
35037,"2017-05-09 00:16:28",100,17424
39329,"2017-08-05 22:00:51",100,17788
32704,"2017-03-25 16:35:55",100,17233
43637,"2017-11-04 11:17:02",100,18103
39862,"2017-08-18 21:01:43",100,17816
40805,"2017-09-08 08:24:40",100,17889
29579,"2017-02-07 08:11:13",50,16985
33389,"2017-04-05 00:48:01",150,17294
30691,"2017-02-26 05:11:47",100,17073
34953,"2017-05-08 21:02:53",200,17423
38063,"2017-06-30 23:07:09",150,17669
32645,"2017-03-25 06:38:37",100,17231
42922,"2017-10-18 17:34:11",100,18028
42211,"2017-10-04 12:52:10",100,17977
44135,"2017-11-11 12:34:04",100,18138
38941,"2017-07-26 07:17:53",250,17769
38518,"2017-07-13 04:15:51",25,17712
29630,"2017-02-11 19:45:13",200,17006
42052,"2017-10-07 02:13:12",50,17988
36411,"2017-06-01 20:31:59",100,17534
43752,"2017-11-03 00:52:44",50,18099
44075,"2017-11-14 00:44:05",50,18153
35789,"2017-05-22 19:06:22",100,17481
28449,"2017-01-24 04:06:17",150,16919
27865,"2017-01-04 14:46:10",250,16846
39015,"2017-07-21 10:11:48",100,17748
38738,"2017-07-17 02:02:26",50,17730
31567,"2017-03-12 20:29:55",150,17153
39702,"2017-08-20 20:44:36",50,17826
37263,"2017-06-18 11:05:46",150,17609
28899,"2017-01-29 09:13:19",200,16949
31021,"2017-03-07 14:40:46",150,17118
40725,"2017-09-12 03:40:57",100,17904
47236,"2017-12-24 02:56:40",150,18403
43689,"2017-11-05 09:24:02",50,18105
47554,"2018-01-03 00:36:36",50,18443
44221,"2017-11-16 18:05:36",50,18167
33770,"2017-04-14 00:40:46",50,17333
34920,"2017-05-04 16:58:11",50,17409
45397,"2017-11-29 01:13:21",100,18252
32557,"2017-03-21 01:30:28",100,17210
41042,"2017-09-17 13:18:05",100,17919
47363,"2017-12-28 16:21:51",50,18423
28468,"2017-01-20 21:12:03",100,16899
39325,"2017-08-01 22:36:52",100,17785
46421,"2017-12-09 06:47:08",100,18320
45626,"2017-11-29 20:47:02",150,18258
31725,"2017-03-10 11:19:41",50,17136
37943,"2017-06-27 21:34:55",50,17654
30771,"2017-03-08 09:08:30",100,17123
35170,"2017-05-14 12:40:53",200,17445
34287,"2017-04-26 09:43:11",100,17379
37069,"2017-06-15 05:18:31",100,17588
35187,"2017-05-12 15:41:58",100,17436
36833,"2017-06-09 19:50:48",150,17566
45186,"2017-11-25 09:53:52",200,18234
29426,"2017-02-06 08:16:09",25,16980
32587,"2017-03-22 01:10:18",250,17214
41711,"2017-09-25 10:13:09",100,17942
28795,"2017-01-29 00:28:04",150,16948
28581,"2017-01-19 15:45:36",100,16890
35657,"2017-05-19 02:56:25",250,17464
46893,"2017-12-18 19:59:03",150,18370
38667,"2017-07-15 09:09:27",100,17724
38860,"2017-07-22 13:49:03",100,17754
35664,"2017-05-20 02:13:09",100,17470
41822,"2017-09-30 18:23:59",100,17965
36695,"2017-06-06 13:25:56",100,17553
43969,"2017-11-06 16:57:13",50,18112
37032,"2017-06-18 08:03:07",100,17607
39920,"2017-08-25 19:34:23",50,17843
42568,"2017-10-12 17:45:04",250,18001
34039,"2017-04-16 07:06:32",150,17345
35887,"2017-05-28 15:05:30",100,17516
35701,"2017-05-24 21:51:43",50,17498
41376,"2017-09-22 01:47:08",50,17934
34565,"2017-05-01 15:00:05",200,17397
38623,"2017-07-15 07:14:43",50,17723
43781,"2017-11-03 12:59:43",150,18100
45189,"2017-11-27 21:32:35",100,18247
38058,"2017-07-04 08:53:19",50,17682
44475,"2017-11-17 13:52:51",150,18176
29323,"2017-02-07 14:13:33",100,16988
42996,"2017-10-25 11:39:46",100,18059
34163,"2017-04-24 06:43:16",200,17371
44767,"2017-11-19 07:49:30",200,18189
43697,"2017-11-07 11:58:46",100,18118
32173,"2017-03-16 09:40:30",100,17175
35749,"2017-05-21 06:29:15",50,17476
45287,"2017-11-24 23:11:06",100,18228
38179,"2017-07-06 04:42:07",150,17692
45906,"2017-12-01 23:12:51",100,18280
38991,"2017-07-22 01:15:59",100,17752
36028,"2017-05-31 11:21:45",100,17528
34843,"2017-05-08 02:27:44",50,17421
36372,"2017-06-02 17:25:48",150,17535
36974,"2017-06-14 16:26:46",150,17587
42374,"2017-10-05 20:22:42",250,17983
46883,"2017-12-14 17:00:24",150,18340
43727,"2017-11-02 08:06:56",100,18094
41623,"2017-09-26 09:39:53",150,17948
29396,"2017-02-02 15:56:09",150,16969
39498,"2017-08-13 17:48:48",50,17800
35550,"2017-05-19 21:58:01",150,17468
38439,"2017-07-13 08:00:34",50,17713
31744,"2017-03-19 09:39:22",100,17197
41198,"2017-09-17 11:52:21",150,17918
36635,"2017-06-07 15:47:31",250,17558
45852,"2017-12-04 06:18:34",150,18297
29343,"2017-02-07 06:09:00",150,16984
28767,"2017-01-28 13:11:35",150,16944
31684,"2017-03-14 20:36:48",200,17165
39375,"2017-08-09 07:49:27",100,17791
28579,"2017-01-25 14:44:14",50,16930
45395,"2017-11-29 06:53:52",200,18255
35359,"2017-05-17 15:23:08",50,17457
31999,"2017-03-20 02:57:32",50,17201
47665,"2017-12-31 17:13:00",50,18438
29535,"2017-02-04 17:06:21",150,16975
30011,"2017-02-14 08:43:25",50,17019
35833,"2017-05-29 02:22:23",150,17520
36707,"2017-06-08 17:46:52",100,17561
47525,"2017-12-29 23:21:36",150,18428
35344,"2017-05-14 14:06:55",150,17446
44092,"2017-11-09 09:25:51",100,18126
34811,"2017-05-03 20:49:01",150,17407
44106,"2017-11-13 13:32:52",100,18149
43122,"2017-10-23 13:08:14",100,18052
36224,"2017-05-28 21:19:04",100,17518
32226,"2017-03-18 02:50:40",200,17189
44140,"2017-11-12 03:17:30",200,18140
28424,"2017-01-21 01:59:21",50,16901
44036,"2017-11-08 03:33:03",100,18119
32485,"2017-03-23 19:21:08",200,17226
46775,"2017-12-19 01:13:44",250,18371
29644,"2017-02-09 09:53:13",50,16994
33324,"2017-04-06 11:31:09",100,17302
45376,"2017-11-24 15:13:19",150,18225
46792,"2017-12-15 13:19:51",200,18346
41974,"2017-10-06 12:13:42",50,17986
37187,"2017-06-22 23:09:49",50,17629
44562,"2017-11-19 08:41:47",150,18190
36979,"2017-06-12 23:32:54",200,17580
37001,"2017-06-14 04:44:13",50,17583
38082,"2017-07-06 06:25:09",100,17693
35543,"2017-05-18 11:02:21",50,17462
47105,"2017-12-22 03:00:30",50,18393
43531,"2017-11-01 20:31:35",25,18090
28889,"2017-02-01 13:51:16",100,16964
29783,"2017-02-11 23:27:01",50,17007
34949,"2017-05-11 19:40:58",100,17433
32725,"2017-03-27 14:52:56",25,17241
36846,"2017-06-10 04:07:24",100,17567
29425,"2017-02-08 07:47:18",150,16991
38122,"2017-07-05 03:18:35",100,17687
42631,"2017-10-13 19:03:05",100,18007
28035,"2017-01-10 13:59:12",150,16860
43754,"2017-11-02 12:49:45",150,18095
35952,"2017-05-26 22:49:15",150,17511
37496,"2017-06-22 15:17:49",150,17626
36469,"2017-06-09 19:41:50",100,17565
46160,"2017-12-11 09:56:00",50,18331
30379,"2017-02-23 02:52:08",100,17062
30866,"2017-03-06 05:46:23",150,17109
43229,"2017-10-27 22:30:55",100,18071
42186,"2017-10-05 14:16:34",150,17981
38710,"2017-07-18 05:51:33",200,17735
35361,"2017-05-20 21:18:05",25,17473
29394,"2017-02-08 20:40:39",150,16993
34223,"2017-04-22 09:26:14",50,17361
34816,"2017-05-07 10:29:14",50,17417
45657,"2017-12-01 07:14:37",150,18273
37857,"2017-07-02 05:45:53",300,17677
46749,"2017-12-16 09:41:44",25,18353
39778,"2017-08-22 13:18:25",100,17834
46960,"2017-12-18 03:36:24",100,18364
32142,"2017-03-17 13:49:46",150,17187
31564,"2017-03-11 04:13:17",100,17142
39503,"2017-08-16 22:34:21",200,17809
33962,"2017-04-15 12:45:30",100,17339
36574,"2017-06-05 08:18:01",150,17545
43026,"2017-10-22 17:19:08",200,18048
30679,"2017-02-28 08:01:27",50,17085
35820,"2017-05-25 04:58:19",100,17501
41826,"2017-09-29 05:00:02",100,17959
32819,"2017-03-31 00:42:08",200,17265
43311,"2017-10-28 15:53:38",200,18072
38943,"2017-07-22 00:10:01",150,17751
28020,"2017-01-11 21:43:03",50,16863
28182,"2017-01-12 02:46:01",200,16865
32806,"2017-03-28 20:10:59",200,17250
28683,"2017-01-23 10:35:00",200,16914
34330,"2017-04-24 03:58:45",100,17370
39976,"2017-08-27 00:26:34",100,17847
28919,"2017-01-24 16:18:37",100,16923
33511,"2017-04-07 02:36:06",100,17303
46423,"2017-12-08 11:04:16",150,18318
36271,"2017-06-07 22:41:38",150,17559
30821,"2017-03-05 10:48:43",50,17107
45274,"2017-11-27 01:29:54",100,18244
46911,"2017-12-18 00:06:59",100,18361
32890,"2017-03-30 13:07:26",100,17259
43045,"2017-10-21 11:21:07",50,18044
30898,"2017-03-07 07:59:38",50,17116
36758,"2017-06-10 13:54:07",200,17569
46758,"2017-12-17 23:25:39",150,18360
40335,"2017-09-01 02:46:01",50,17868
36822,"2017-06-13 17:20:03",200,17582
33753,"2017-04-14 03:30:53",150,17334
47451,"2017-12-27 02:21:53",150,18416
45307,"2017-11-25 02:07:43",200,18229
44549,"2017-11-16 20:50:21",150,18168
29218,"2017-01-31 20:30:49",150,16960
47411,"2017-12-26 00:06:05",100,18411
30831,"2017-03-05 06:01:13",150,17106
28142,"2017-01-11 14:21:42",150,16862
45193,"2017-11-27 15:40:41",200,18245
45441,"2017-11-28 19:29:24",150,18249
30601,"2017-02-24 15:33:18",50,17069
38539,"2017-07-16 21:45:13",100,17729
35073,"2017-05-10 11:22:49",150,17431
35699,"2017-05-24 03:14:49",100,17492
44223,"2017-11-15 12:12:32",100,18160
33591,"2017-04-08 15:45:03",200,17308
30299,"2017-02-20 03:43:13",100,17053
32032,"2017-03-15 06:10:42",100,17168
33512,"2017-04-13 01:58:09",150,17325
33343,"2017-04-01 23:38:49",100,17279
34508,"2017-04-26 19:33:53",100,17380
33787,"2017-04-13 17:13:52",100,17331
30127,"2017-02-18 04:56:10",100,17037
43388,"2017-10-26 15:19:58",150,18064
47326,"2017-12-23 08:03:43",100,18401
46347,"2017-12-07 15:18:38",200,18313
43432,"2017-10-27 11:29:22",200,18067
29539,"2017-02-05 01:34:41",100,16976
45704,"2017-11-30 03:06:46",50,18263
41102,"2017-09-13 12:52:04",50,17910
38821,"2017-07-25 16:01:06",200,17764
44569,"2017-11-19 15:33:02",200,18193
33179,"2017-04-02 16:59:42",100,17284
37629,"2017-06-25 22:56:25",250,17641
44151,"2017-11-17 03:27:52",50,18171
47057,"2017-12-21 07:05:53",100,18384
39216,"2017-07-30 21:29:00",150,17781
47387,"2017-12-29 06:43:43",150,18424
44683,"2017-11-21 21:06:13",100,18210
35420,"2017-05-18 15:57:35",50,17463
40619,"2017-09-04 04:11:01",100,17875
37029,"2017-06-18 02:37:33",25,17604
35193,"2017-05-12 21:34:19",150,17437
35983,"2017-05-29 03:17:26",150,17521
37724,"2017-06-28 08:50:09",150,17658
33011,"2017-04-02 02:09:39",50,17280
32347,"2017-03-19 23:01:15",50,17199
38349,"2017-07-07 02:17:16",150,17696
34930,"2017-05-05 01:05:03",100,17411
33664,"2017-04-13 07:42:09",100,17328
43989,"2017-11-05 20:31:03",50,18110
41429,"2017-09-25 15:04:40",50,17943
43868,"2017-11-05 23:38:53",200,18111
36877,"2017-06-10 04:41:10",100,17568
33564,"2017-04-08 18:53:57",100,17310
36551,"2017-06-10 23:36:41",50,17571
29072,"2017-01-31 07:50:33",100,16956
28407,"2017-01-16 21:23:03",150,16877
29118,"2017-01-30 17:55:20",200,16955
44153,"2017-11-13 07:53:39",50,18147
44974,"2017-11-21 11:55:00",50,18203
31351,"2017-03-14 07:04:45",100,17163
46543,"2017-12-09 12:53:25",50,18322
28546,"2017-01-23 22:55:27",200,16917
33061,"2017-03-30 01:07:56",50,17254
47399,"2017-12-24 06:24:31",50,18404
28713,"2017-01-26 07:56:57",100,16934
44560,"2017-11-19 00:13:07",100,18186
43771,"2017-11-02 16:36:42",150,18096
32874,"2017-03-26 09:19:27",50,17237
47037,"2017-12-20 08:47:30",100,18378
37071,"2017-06-20 01:01:17",100,17613
44830,"2017-11-21 04:09:45",100,18202
43233,"2017-10-21 19:37:32",50,18046
41048,"2017-09-14 01:13:44",50,17912
36369,"2017-06-07 06:45:32",25,17555
45939,"2017-12-02 04:44:20",100,18282
40457,"2017-09-04 11:49:01",50,17876
41559,"2017-09-25 09:13:45",25,17941
42812,"2017-10-20 02:47:22",100,18036
47022,"2017-12-21 14:19:24",100,18388
46593,"2017-12-18 00:38:14",100,18362
40682,"2017-09-12 15:01:27",50,17907
45888,"2017-12-08 07:09:29",50,18315
40944,"2017-09-15 14:32:20",100,17917
42870,"2017-10-17 12:10:30",100,18026
40311,"2017-09-02 23:33:07",100,17872
42786,"2017-10-14 06:38:18",150,18009
44125,"2017-11-14 13:33:11",50,18155
29655,"2017-02-09 13:20:34",100,16995
39647,"2017-08-13 18:09:43",50,17801
33182,"2017-03-31 00:34:51",150,17264
32223,"2017-03-17 09:03:45",50,17184
39167,"2017-07-29 12:46:34",100,17779
35150,"2017-05-12 23:55:43",100,17438
36501,"2017-06-06 03:38:16",50,17551
29776,"2017-02-10 22:54:26",150,17000
32154,"2017-03-16 14:55:55",100,17177
46981,"2017-12-23 05:45:26",25,18400
44394,"2017-11-17 03:46:11",100,18172
33253,"2017-04-06 03:49:04",100,17300
33475,"2017-04-07 06:33:38",50,17305
47074,"2017-12-21 03:15:34",50,18382
46803,"2017-12-19 11:02:12",100,18373
30250,"2017-02-23 09:40:35",200,17065
30401,"2017-02-22 03:41:15",300,17057
43368,"2017-11-01 23:52:29",50,18091
28692,"2017-01-23 11:18:32",200,16915
36345,"2017-06-05 12:10:27",100,17546
42630,"2017-10-14 20:08:59",150,18013
40393,"2017-08-31 05:46:11",200,17865
38447,"2017-07-14 21:40:11",100,17722
34755,"2017-05-07 21:13:20",200,17419
36445,"2017-06-01 11:50:34",150,17533
37748,"2017-06-26 19:06:30",100,17649
33235,"2017-04-03 16:09:05",100,17289
28353,"2017-01-18 04:38:26",100,16881
38775,"2017-07-22 16:51:07",50,17755
29576,"2017-02-07 22:29:50",50,16989
40140,"2017-08-28 13:24:59",100,17855
38722,"2017-07-20 07:52:28",100,17741
34593,"2017-04-27 14:44:09",150,17383
30844,"2017-03-06 21:03:30",100,17114
35027,"2017-05-07 21:28:29",200,17420
41573,"2017-09-27 15:39:53",50,17953
30332,"2017-02-28 01:43:50",200,17081
36630,"2017-06-12 07:12:05",25,17579
36355,"2017-06-05 21:02:41",50,17549
28809,"2017-01-26 19:55:40",150,16936
45424,"2017-12-01 09:54:41",25,18275
43987,"2017-11-10 22:32:53",200,18136
35088,"2017-05-14 21:05:46",50,17448
36488,"2017-06-05 16:12:36",100,17547
34226,"2017-04-19 03:47:51",200,17354
29793,"2017-02-11 18:05:26",100,17004
28563,"2017-01-20 15:22:46",50,16896
37756,"2017-06-26 02:46:55",100,17643
41910,"2017-09-28 10:35:05",200,17956
35787,"2017-05-24 01:02:18",150,17491
45636,"2017-12-04 11:48:40",100,18299
36650,"2017-06-09 03:06:29",250,17562
29476,"2017-02-07 13:17:18",200,16987
31042,"2017-03-06 11:31:35",150,17112
31433,"2017-03-14 22:30:39",50,17166
27884,"2017-01-08 19:37:34",150,16854
45950,"2017-12-02 20:37:35",200,18286
28528,"2017-01-20 10:23:41",150,16895
35451,"2017-05-16 19:06:29",200,17452
28638,"2017-01-24 07:01:59",50,16922
46426,"2017-12-07 23:17:52",50,18314
31871,"2017-03-14 00:10:55",100,17161
29854,"2017-02-10 23:50:52",200,17002
44611,"2017-11-19 06:55:56",100,18188
44111,"2017-11-10 11:10:48",100,18133
37166,"2017-06-16 11:50:55",100,17598
43150,"2017-10-24 02:29:50",150,18054
38249,"2017-07-06 13:17:37",100,17695
32718,"2017-03-26 04:34:00",100,17236
38510,"2017-07-14 03:55:27",50,17718
47219,"2017-12-21 01:28:23",100,18381
40002,"2017-08-22 15:43:50",150,17835
45262,"2017-11-25 17:00:32",100,18237
44148,"2017-11-10 02:59:27",150,18130
34393,"2017-04-28 04:17:56",150,17385
28019,"2017-01-09 14:31:20",50,16856
36229,"2017-06-03 00:26:57",100,17537
35568,"2017-05-22 10:15:44",150,17480
33737,"2017-04-11 04:44:54",100,17318
37736,"2017-06-26 12:58:50",25,17646
30010,"2017-02-18 09:22:29",150,17039
43556,"2017-10-29 16:28:47",100,18078
38542,"2017-07-14 05:35:24",50,17720
29419,"2017-02-02 19:47:14",100,16971
34095,"2017-04-22 00:47:32",100,17360
44890,"2017-11-19 12:10:26",50,18192
35382,"2017-05-15 20:09:23",100,17449
28897,"2017-01-29 18:41:17",100,16951
37799,"2017-07-01 13:54:37",50,17672
45442,"2017-11-26 05:48:17",100,18240
36548,"2017-06-08 05:09:01",150,17560
43480,"2017-11-01 07:08:33",100,18089
44999,"2017-11-21 18:44:51",150,18208
32349,"2017-03-26 15:25:59",50,17238
39722,"2017-08-16 23:19:02",100,17810
33588,"2017-04-12 23:35:37",100,17324
43340,"2017-10-26 21:58:26",100,18066
35101,"2017-05-10 10:41:38",100,17430
44626,"2017-11-21 15:40:19",50,18206
31097,"2017-03-10 14:51:09",100,17138
38567,"2017-07-13 17:21:08",150,17715
37304,"2017-06-22 12:51:53",50,17625
37323,"2017-06-21 02:56:16",100,17620
35862,"2017-05-23 20:13:29",150,17488
30015,"2017-02-13 16:19:30",100,17015
35863,"2017-05-24 13:25:15",200,17496
32910,"2017-03-28 04:26:57",100,17247
35961,"2017-05-25 12:47:48",50,17504
36093,"2017-05-29 12:53:13",150,17522
44049,"2017-11-09 17:28:45",50,18127
42532,"2017-10-16 09:14:13",150,18020
47565,"2017-12-28 00:03:52",150,18421
38559,"2017-07-14 02:48:03",100,17717
32805,"2017-03-25 20:44:25",100,17234
40220,"2017-08-27 14:01:37",250,17849
42128,"2017-10-06 11:23:56",50,17985
29721,"2017-02-12 13:40:13",200,17008
37206,"2017-06-17 05:53:38",50,17601
32844,"2017-03-25 23:43:37",50,17235
28928,"2017-01-29 14:47:12",200,16950
42391,"2017-10-13 00:41:40",100,18005
41069,"2017-09-18 01:39:16",100,17921
46473,"2017-12-13 15:27:05",100,18337
39584,"2017-08-15 17:32:57",100,17805
45576,"2017-11-29 22:01:28",100,18259
45961,"2017-12-01 11:57:18",50,18276
36522,"2017-06-04 22:41:12",200,17542
36261,"2017-05-30 16:32:00",150,17525
38205,"2017-07-05 14:25:21",150,17690
47732,"2018-01-06 07:14:25",150,18452
29483,"2017-02-07 01:14:19",150,16983
29186,"2017-01-31 08:18:02",200,16957
32000,"2017-03-17 04:14:10",100,17181
35251,"2017-05-17 12:23:02",50,17456
34429,"2017-04-27 10:42:33",100,17381
31563,"2017-03-11 06:16:19",100,17143
44865,"2017-11-23 05:52:33",100,18213
30286,"2017-02-23 23:05:41",50,17067
40878,"2017-09-09 20:21:58",100,17894
35098,"2017-05-14 12:34:55",25,17444
38753,"2017-07-16 09:45:36",100,17726
47635,"2017-12-31 16:32:52",150,18437
30337,"2017-02-20 00:17:44",150,17051
32077,"2017-03-17 23:58:45",100,17188
30193,"2017-02-19 13:25:36",200,17048
33751,"2017-04-17 14:30:44",150,17351
40890,"2017-09-09 14:00:43",150,17893
37296,"2017-06-22 18:48:22",50,17627
28558,"2017-01-24 00:47:53",150,16918
28559,"2017-01-20 03:55:12",50,16894
45756,"2017-11-29 06:40:03",150,18254
30693,"2017-02-25 20:25:32",25,17072
32237,"2017-03-18 16:55:30",50,17194
33910,"2017-04-19 15:25:02",100,17356
32088,"2017-03-19 01:21:47",150,17196
37917,"2017-06-30 12:28:55",100,17666
33964,"2017-04-14 13:06:03",100,17335
44166,"2017-11-13 03:41:43",25,18145
28275,"2017-01-15 22:49:53",50,16872
43886,"2017-11-04 09:25:36",100,18101
44854,"2017-11-24 12:30:02",200,18221
36480,"2017-06-02 19:24:37",200,17536
37152,"2017-06-21 01:29:26",100,17619
36687,"2017-06-11 20:38:11",150,17576
36053,"2017-05-27 01:36:13",150,17513
43235,"2017-10-27 20:15:13",100,18070
38822,"2017-07-22 18:30:38",100,17756
38652,"2017-07-16 05:01:13",200,17725
40470,"2017-09-06 21:57:33",100,17884
35226,"2017-05-17 23:42:38",150,17460
29709,"2017-02-13 12:29:53",100,17014
41541,"2017-09-21 07:16:43",100,17930
35761,"2017-05-23 23:47:06",100,17490
38372,"2017-07-11 12:23:13",150,17706
27981,"2017-01-07 23:20:25",50,16852
31252,"2017-03-17 07:37:57",250,17183
32804,"2017-03-28 02:36:10",50,17246
46448,"2017-12-13 04:54:04",150,18335
27994,"2017-01-11 13:59:06",50,16861
35537,"2017-05-20 00:53:17",100,17469
32731,"2017-03-31 02:39:25",50,17266
44285,"2017-11-17 21:25:30",50,18179
40613,"2017-09-02 16:08:56",50,17870
42358,"2017-10-07 04:19:29",50,17989
38125,"2017-07-03 02:21:52",150,17680
28094,"2017-01-10 13:44:50",100,16859
34744,"2017-05-03 01:38:27",100,17404
38145,"2017-07-07 10:44:48",25,17697
34385,"2017-04-29 01:05:39",100,17390
36994,"2017-06-15 05:27:59",200,17589
35716,"2017-05-22 04:36:16",100,17479
36214,"2017-05-31 16:03:29",150,17530
43674,"2017-11-02 05:46:08",50,18093
34166,"2017-04-20 13:04:21",50,17358
36640,"2017-06-07 08:26:28",150,17556
42221,"2017-10-07 11:14:19",100,17990
37754,"2017-06-25 11:34:08",50,17637
34957,"2017-05-09 21:52:40",100,17427
