"activity_date","registration_date","active_users_count"
"2019-06-01","2019-06-01","1651"
"2019-06-02","2019-06-01","1429"
"2019-06-02","2019-06-02","1933"
"2019-06-03","2019-06-01","1021"
"2019-06-03","2019-06-02","1550"
"2019-06-03","2019-06-03","1432"
"2019-06-04","2019-06-01","849"
"2019-06-04","2019-06-02","1163"
"2019-06-04","2019-06-03","1244"
"2019-06-04","2019-06-04","1473"
"2019-06-05","2019-06-01","694"
"2019-06-05","2019-06-02","989"
"2019-06-05","2019-06-03","871"
"2019-06-05","2019-06-04","1245"
"2019-06-05","2019-06-05","1349"
"2019-06-06","2019-06-01","652"
"2019-06-06","2019-06-02","863"
"2019-06-06","2019-06-03","727"
"2019-06-06","2019-06-04","964"
"2019-06-06","2019-06-05","1221"
"2019-06-06","2019-06-06","1418"
"2019-06-07","2019-06-01","588"
"2019-06-07","2019-06-02","765"
"2019-06-07","2019-06-03","632"
"2019-06-07","2019-06-04","755"
"2019-06-07","2019-06-05","892"
"2019-06-07","2019-06-06","1198"
"2019-06-07","2019-06-07","1180"
"2019-06-08","2019-06-01","545"
"2019-06-08","2019-06-02","688"
"2019-06-08","2019-06-03","516"
"2019-06-08","2019-06-04","619"
"2019-06-08","2019-06-05","689"
"2019-06-08","2019-06-06","816"
"2019-06-08","2019-06-07","938"
"2019-06-08","2019-06-08","1081"
"2019-06-09","2019-06-01","536"
"2019-06-09","2019-06-02","683"
"2019-06-09","2019-06-03","495"
"2019-06-09","2019-06-04","558"
"2019-06-09","2019-06-05","589"
"2019-06-09","2019-06-06","699"
"2019-06-09","2019-06-07","698"
"2019-06-09","2019-06-08","986"
"2019-06-09","2019-06-09","1632"
"2019-06-10","2019-06-01","483"
"2019-06-10","2019-06-02","639"
"2019-06-10","2019-06-03","484"
"2019-06-10","2019-06-04","569"
"2019-06-10","2019-06-05","562"
"2019-06-10","2019-06-06","662"
"2019-06-10","2019-06-07","606"
"2019-06-10","2019-06-08","751"
"2019-06-10","2019-06-09","1443"
"2019-06-10","2019-06-10","1406"
"2019-06-11","2019-06-01","460"
"2019-06-11","2019-06-02","576"
"2019-06-11","2019-06-03","467"
"2019-06-11","2019-06-04","511"
"2019-06-11","2019-06-05","527"
"2019-06-11","2019-06-06","553"
"2019-06-11","2019-06-07","545"
"2019-06-11","2019-06-08","611"
"2019-06-11","2019-06-09","1053"
"2019-06-11","2019-06-10","1220"
"2019-06-11","2019-06-11","1310"
"2019-06-12","2019-06-01","423"
"2019-06-12","2019-06-02","545"
"2019-06-12","2019-06-03","416"
"2019-06-12","2019-06-04","447"
"2019-06-12","2019-06-05","472"
"2019-06-12","2019-06-06","512"
"2019-06-12","2019-06-07","469"
"2019-06-12","2019-06-08","536"
"2019-06-12","2019-06-09","864"
"2019-06-12","2019-06-10","866"
"2019-06-12","2019-06-11","1152"
"2019-06-12","2019-06-12","1403"
"2019-06-13","2019-06-01","400"
"2019-06-13","2019-06-02","477"
"2019-06-13","2019-06-03","394"
"2019-06-13","2019-06-04","412"
"2019-06-13","2019-06-05","433"
"2019-06-13","2019-06-06","460"
"2019-06-13","2019-06-07","413"
"2019-06-13","2019-06-08","467"
"2019-06-13","2019-06-09","744"
"2019-06-13","2019-06-10","756"
"2019-06-13","2019-06-11","862"
"2019-06-13","2019-06-12","1168"
"2019-06-13","2019-06-13","1226"
"2019-06-14","2019-06-01","383"
"2019-06-14","2019-06-02","483"
"2019-06-14","2019-06-03","361"
"2019-06-14","2019-06-04","378"
"2019-06-14","2019-06-05","391"
"2019-06-14","2019-06-06","428"
"2019-06-14","2019-06-07","385"
"2019-06-14","2019-06-08","433"
"2019-06-14","2019-06-09","671"
"2019-06-14","2019-06-10","656"
"2019-06-14","2019-06-11","734"
"2019-06-14","2019-06-12","901"
"2019-06-14","2019-06-13","1088"
"2019-06-14","2019-06-14","1101"
"2019-06-15","2019-06-01","378"
"2019-06-15","2019-06-02","471"
"2019-06-15","2019-06-03","356"
"2019-06-15","2019-06-04","368"
"2019-06-15","2019-06-05","377"
"2019-06-15","2019-06-06","385"
"2019-06-15","2019-06-07","346"
"2019-06-15","2019-06-08","424"
"2019-06-15","2019-06-09","645"
"2019-06-15","2019-06-10","575"
"2019-06-15","2019-06-11","626"
"2019-06-15","2019-06-12","749"
"2019-06-15","2019-06-13","809"
"2019-06-15","2019-06-14","965"
"2019-06-15","2019-06-15","1244"
"2019-06-16","2019-06-01","355"
"2019-06-16","2019-06-02","470"
"2019-06-16","2019-06-03","325"
"2019-06-16","2019-06-04","335"
"2019-06-16","2019-06-05","356"
"2019-06-16","2019-06-06","376"
"2019-06-16","2019-06-07","338"
"2019-06-16","2019-06-08","380"
"2019-06-16","2019-06-09","610"
"2019-06-16","2019-06-10","550"
"2019-06-16","2019-06-11","582"
"2019-06-16","2019-06-12","661"
"2019-06-16","2019-06-13","666"
"2019-06-16","2019-06-14","722"
"2019-06-16","2019-06-15","1112"
"2019-06-16","2019-06-16","1279"
"2019-06-17","2019-06-01","343"
"2019-06-17","2019-06-02","435"
"2019-06-17","2019-06-03","338"
"2019-06-17","2019-06-04","357"
"2019-06-17","2019-06-05","351"
"2019-06-17","2019-06-06","361"
"2019-06-17","2019-06-07","325"
"2019-06-17","2019-06-08","347"
"2019-06-17","2019-06-09","530"
"2019-06-17","2019-06-10","500"
"2019-06-17","2019-06-11","546"
"2019-06-17","2019-06-12","606"
"2019-06-17","2019-06-13","612"
"2019-06-17","2019-06-14","595"
"2019-06-17","2019-06-15","774"
"2019-06-17","2019-06-16","1087"
"2019-06-17","2019-06-17","1007"
"2019-06-18","2019-06-01","322"
"2019-06-18","2019-06-02","426"
"2019-06-18","2019-06-03","322"
"2019-06-18","2019-06-04","336"
"2019-06-18","2019-06-05","344"
"2019-06-18","2019-06-06","352"
"2019-06-18","2019-06-07","299"
"2019-06-18","2019-06-08","330"
"2019-06-18","2019-06-09","507"
"2019-06-18","2019-06-10","473"
"2019-06-18","2019-06-11","497"
"2019-06-18","2019-06-12","544"
"2019-06-18","2019-06-13","539"
"2019-06-18","2019-06-14","517"
"2019-06-18","2019-06-15","669"
"2019-06-18","2019-06-16","825"
"2019-06-18","2019-06-17","901"
"2019-06-18","2019-06-18","1015"
"2019-06-19","2019-06-01","313"
"2019-06-19","2019-06-02","410"
"2019-06-19","2019-06-03","320"
"2019-06-19","2019-06-04","311"
"2019-06-19","2019-06-05","336"
"2019-06-19","2019-06-06","352"
"2019-06-19","2019-06-07","298"
"2019-06-19","2019-06-08","311"
"2019-06-19","2019-06-09","479"
"2019-06-19","2019-06-10","443"
"2019-06-19","2019-06-11","471"
"2019-06-19","2019-06-12","508"
"2019-06-19","2019-06-13","494"
"2019-06-19","2019-06-14","449"
"2019-06-19","2019-06-15","599"
"2019-06-19","2019-06-16","702"
"2019-06-19","2019-06-17","640"
"2019-06-19","2019-06-18","885"
"2019-06-19","2019-06-19","1010"
"2019-06-20","2019-06-01","302"
"2019-06-20","2019-06-02","404"
"2019-06-20","2019-06-03","306"
"2019-06-20","2019-06-04","284"
"2019-06-20","2019-06-05","301"
"2019-06-20","2019-06-06","335"
"2019-06-20","2019-06-07","284"
"2019-06-20","2019-06-08","306"
"2019-06-20","2019-06-09","458"
"2019-06-20","2019-06-10","424"
"2019-06-20","2019-06-11","425"
"2019-06-20","2019-06-12","459"
"2019-06-20","2019-06-13","474"
"2019-06-20","2019-06-14","412"
"2019-06-20","2019-06-15","546"
"2019-06-20","2019-06-16","637"
"2019-06-20","2019-06-17","558"
"2019-06-20","2019-06-18","651"
"2019-06-20","2019-06-19","938"
"2019-06-20","2019-06-20","1027"
"2019-06-21","2019-06-01","312"
"2019-06-21","2019-06-02","395"
"2019-06-21","2019-06-03","281"
"2019-06-21","2019-06-04","272"
"2019-06-21","2019-06-05","300"
"2019-06-21","2019-06-06","310"
"2019-06-21","2019-06-07","288"
"2019-06-21","2019-06-08","295"
"2019-06-21","2019-06-09","442"
"2019-06-21","2019-06-10","394"
"2019-06-21","2019-06-11","397"
"2019-06-21","2019-06-12","434"
"2019-06-21","2019-06-13","415"
"2019-06-21","2019-06-14","387"
"2019-06-21","2019-06-15","492"
"2019-06-21","2019-06-16","547"
"2019-06-21","2019-06-17","461"
"2019-06-21","2019-06-18","557"
"2019-06-21","2019-06-19","698"
"2019-06-21","2019-06-20","922"
"2019-06-21","2019-06-21","892"
"2019-06-22","2019-06-01","292"
"2019-06-22","2019-06-02","372"
"2019-06-22","2019-06-03","281"
"2019-06-22","2019-06-04","274"
"2019-06-22","2019-06-05","281"
"2019-06-22","2019-06-06","284"
"2019-06-22","2019-06-07","267"
"2019-06-22","2019-06-08","274"
"2019-06-22","2019-06-09","443"
"2019-06-22","2019-06-10","383"
"2019-06-22","2019-06-11","375"
"2019-06-22","2019-06-12","406"
"2019-06-22","2019-06-13","380"
"2019-06-22","2019-06-14","377"
"2019-06-22","2019-06-15","493"
"2019-06-22","2019-06-16","531"
"2019-06-22","2019-06-17","427"
"2019-06-22","2019-06-18","463"
"2019-06-22","2019-06-19","547"
"2019-06-22","2019-06-20","675"
"2019-06-22","2019-06-21","814"
"2019-06-22","2019-06-22","995"
"2019-06-23","2019-06-01","296"
"2019-06-23","2019-06-02","384"
"2019-06-23","2019-06-03","281"
"2019-06-23","2019-06-04","265"
"2019-06-23","2019-06-05","276"
"2019-06-23","2019-06-06","281"
"2019-06-23","2019-06-07","257"
"2019-06-23","2019-06-08","268"
"2019-06-23","2019-06-09","436"
"2019-06-23","2019-06-10","368"
"2019-06-23","2019-06-11","370"
"2019-06-23","2019-06-12","383"
"2019-06-23","2019-06-13","364"
"2019-06-23","2019-06-14","332"
"2019-06-23","2019-06-15","464"
"2019-06-23","2019-06-16","489"
"2019-06-23","2019-06-17","391"
"2019-06-23","2019-06-18","428"
"2019-06-23","2019-06-19","506"
"2019-06-23","2019-06-20","562"
"2019-06-23","2019-06-21","593"
"2019-06-23","2019-06-22","854"
"2019-06-23","2019-06-23","1102"
"2019-06-24","2019-06-01","284"
"2019-06-24","2019-06-02","378"
"2019-06-24","2019-06-03","273"
"2019-06-24","2019-06-04","272"
"2019-06-24","2019-06-05","279"
"2019-06-24","2019-06-06","291"
"2019-06-24","2019-06-07","257"
"2019-06-24","2019-06-08","275"
"2019-06-24","2019-06-09","405"
"2019-06-24","2019-06-10","361"
"2019-06-24","2019-06-11","375"
"2019-06-24","2019-06-12","381"
"2019-06-24","2019-06-13","355"
"2019-06-24","2019-06-14","312"
"2019-06-24","2019-06-15","419"
"2019-06-24","2019-06-16","445"
"2019-06-24","2019-06-17","363"
"2019-06-24","2019-06-18","392"
"2019-06-24","2019-06-19","478"
"2019-06-24","2019-06-20","491"
"2019-06-24","2019-06-21","516"
"2019-06-24","2019-06-22","578"
"2019-06-24","2019-06-23","870"
"2019-06-24","2019-06-24","773"
"2019-06-25","2019-06-01","267"
"2019-06-25","2019-06-02","360"
"2019-06-25","2019-06-03","272"
"2019-06-25","2019-06-04","267"
"2019-06-25","2019-06-05","278"
"2019-06-25","2019-06-06","273"
"2019-06-25","2019-06-07","251"
"2019-06-25","2019-06-08","255"
"2019-06-25","2019-06-09","394"
"2019-06-25","2019-06-10","343"
"2019-06-25","2019-06-11","368"
"2019-06-25","2019-06-12","368"
"2019-06-25","2019-06-13","336"
"2019-06-25","2019-06-14","315"
"2019-06-25","2019-06-15","415"
"2019-06-25","2019-06-16","429"
"2019-06-25","2019-06-17","338"
"2019-06-25","2019-06-18","366"
"2019-06-25","2019-06-19","429"
"2019-06-25","2019-06-20","457"
"2019-06-25","2019-06-21","439"
"2019-06-25","2019-06-22","496"
"2019-06-25","2019-06-23","664"
"2019-06-25","2019-06-24","664"
"2019-06-25","2019-06-25","695"
"2019-06-26","2019-06-01","273"
"2019-06-26","2019-06-02","330"
"2019-06-26","2019-06-03","268"
"2019-06-26","2019-06-04","253"
"2019-06-26","2019-06-05","264"
"2019-06-26","2019-06-06","258"
"2019-06-26","2019-06-07","240"
"2019-06-26","2019-06-08","254"
"2019-06-26","2019-06-09","383"
"2019-06-26","2019-06-10","334"
"2019-06-26","2019-06-11","341"
"2019-06-26","2019-06-12","353"
"2019-06-26","2019-06-13","316"
"2019-06-26","2019-06-14","295"
"2019-06-26","2019-06-15","369"
"2019-06-26","2019-06-16","391"
"2019-06-26","2019-06-17","333"
"2019-06-26","2019-06-18","332"
"2019-06-26","2019-06-19","373"
"2019-06-26","2019-06-20","419"
"2019-06-26","2019-06-21","386"
"2019-06-26","2019-06-22","428"
"2019-06-26","2019-06-23","553"
"2019-06-26","2019-06-24","478"
"2019-06-26","2019-06-25","601"
"2019-06-26","2019-06-26","781"
"2019-06-27","2019-06-01","245"
"2019-06-27","2019-06-02","324"
"2019-06-27","2019-06-03","240"
"2019-06-27","2019-06-04","245"
"2019-06-27","2019-06-05","257"
"2019-06-27","2019-06-06","258"
"2019-06-27","2019-06-07","235"
"2019-06-27","2019-06-08","243"
"2019-06-27","2019-06-09","364"
"2019-06-27","2019-06-10","313"
"2019-06-27","2019-06-11","314"
"2019-06-27","2019-06-12","325"
"2019-06-27","2019-06-13","305"
"2019-06-27","2019-06-14","278"
"2019-06-27","2019-06-15","350"
"2019-06-27","2019-06-16","373"
"2019-06-27","2019-06-17","296"
"2019-06-27","2019-06-18","295"
"2019-06-27","2019-06-19","354"
"2019-06-27","2019-06-20","370"
"2019-06-27","2019-06-21","348"
"2019-06-27","2019-06-22","380"
"2019-06-27","2019-06-23","475"
"2019-06-27","2019-06-24","418"
"2019-06-27","2019-06-25","441"
"2019-06-27","2019-06-26","728"
"2019-06-27","2019-06-27","855"
"2019-06-28","2019-06-01","240"
"2019-06-28","2019-06-02","330"
"2019-06-28","2019-06-03","236"
"2019-06-28","2019-06-04","225"
"2019-06-28","2019-06-05","240"
"2019-06-28","2019-06-06","249"
"2019-06-28","2019-06-07","219"
"2019-06-28","2019-06-08","245"
"2019-06-28","2019-06-09","343"
"2019-06-28","2019-06-10","307"
"2019-06-28","2019-06-11","302"
"2019-06-28","2019-06-12","326"
"2019-06-28","2019-06-13","295"
"2019-06-28","2019-06-14","263"
"2019-06-28","2019-06-15","339"
"2019-06-28","2019-06-16","367"
"2019-06-28","2019-06-17","273"
"2019-06-28","2019-06-18","276"
"2019-06-28","2019-06-19","312"
"2019-06-28","2019-06-20","357"
"2019-06-28","2019-06-21","318"
"2019-06-28","2019-06-22","341"
"2019-06-28","2019-06-23","404"
"2019-06-28","2019-06-24","346"
"2019-06-28","2019-06-25","365"
"2019-06-28","2019-06-26","507"
"2019-06-28","2019-06-27","720"
"2019-06-28","2019-06-28","793"
"2019-06-29","2019-06-01","245"
"2019-06-29","2019-06-02","332"
"2019-06-29","2019-06-03","217"
"2019-06-29","2019-06-04","216"
"2019-06-29","2019-06-05","225"
"2019-06-29","2019-06-06","252"
"2019-06-29","2019-06-07","219"
"2019-06-29","2019-06-08","229"
"2019-06-29","2019-06-09","343"
"2019-06-29","2019-06-10","303"
"2019-06-29","2019-06-11","289"
"2019-06-29","2019-06-12","293"
"2019-06-29","2019-06-13","277"
"2019-06-29","2019-06-14","234"
"2019-06-29","2019-06-15","333"
"2019-06-29","2019-06-16","353"
"2019-06-29","2019-06-17","251"
"2019-06-29","2019-06-18","257"
"2019-06-29","2019-06-19","266"
"2019-06-29","2019-06-20","331"
"2019-06-29","2019-06-21","293"
"2019-06-29","2019-06-22","351"
"2019-06-29","2019-06-23","389"
"2019-06-29","2019-06-24","296"
"2019-06-29","2019-06-25","304"
"2019-06-29","2019-06-26","405"
"2019-06-29","2019-06-27","514"
"2019-06-29","2019-06-28","725"
"2019-06-29","2019-06-29","1035"
"2019-06-30","2019-06-01","203"
"2019-06-30","2019-06-02","318"
"2019-06-30","2019-06-03","221"
"2019-06-30","2019-06-04","218"
"2019-06-30","2019-06-05","218"
"2019-06-30","2019-06-06","224"
"2019-06-30","2019-06-07","217"
"2019-06-30","2019-06-08","215"
"2019-06-30","2019-06-09","365"
"2019-06-30","2019-06-10","303"
"2019-06-30","2019-06-11","274"
"2019-06-30","2019-06-12","284"
"2019-06-30","2019-06-13","270"
"2019-06-30","2019-06-14","232"
"2019-06-30","2019-06-15","316"
"2019-06-30","2019-06-16","353"
"2019-06-30","2019-06-17","231"
"2019-06-30","2019-06-18","248"
"2019-06-30","2019-06-19","272"
"2019-06-30","2019-06-20","297"
"2019-06-30","2019-06-21","256"
"2019-06-30","2019-06-22","315"
"2019-06-30","2019-06-23","359"
"2019-06-30","2019-06-24","286"
"2019-06-30","2019-06-25","292"
"2019-06-30","2019-06-26","343"
"2019-06-30","2019-06-27","423"
"2019-06-30","2019-06-28","522"
"2019-06-30","2019-06-29","948"
"2019-06-30","2019-06-30","1225"
"2019-07-01","2019-06-01","140"
"2019-07-01","2019-06-02","235"
"2019-07-01","2019-06-03","218"
"2019-07-01","2019-06-04","215"
"2019-07-01","2019-06-05","218"
"2019-07-01","2019-06-06","221"
"2019-07-01","2019-06-07","217"
"2019-07-01","2019-06-08","217"
"2019-07-01","2019-06-09","335"
"2019-07-01","2019-06-10","283"
"2019-07-01","2019-06-11","268"
"2019-07-01","2019-06-12","285"
"2019-07-01","2019-06-13","255"
"2019-07-01","2019-06-14","223"
"2019-07-01","2019-06-15","303"
"2019-07-01","2019-06-16","332"
"2019-07-01","2019-06-17","217"
"2019-07-01","2019-06-18","231"
"2019-07-01","2019-06-19","274"
"2019-07-01","2019-06-20","282"
"2019-07-01","2019-06-21","271"
"2019-07-01","2019-06-22","274"
"2019-07-01","2019-06-23","327"
"2019-07-01","2019-06-24","256"
"2019-07-01","2019-06-25","268"
"2019-07-01","2019-06-26","327"
"2019-07-01","2019-06-27","360"
"2019-07-01","2019-06-28","451"
"2019-07-01","2019-06-29","702"
"2019-07-01","2019-06-30","1085"
"2019-07-02","2019-06-02","152"
"2019-07-02","2019-06-03","176"
"2019-07-02","2019-06-04","201"
"2019-07-02","2019-06-05","214"
"2019-07-02","2019-06-06","215"
"2019-07-02","2019-06-07","203"
"2019-07-02","2019-06-08","215"
"2019-07-02","2019-06-09","319"
"2019-07-02","2019-06-10","261"
"2019-07-02","2019-06-11","258"
"2019-07-02","2019-06-12","262"
"2019-07-02","2019-06-13","252"
"2019-07-02","2019-06-14","211"
"2019-07-02","2019-06-15","275"
"2019-07-02","2019-06-16","301"
"2019-07-02","2019-06-17","220"
"2019-07-02","2019-06-18","221"
"2019-07-02","2019-06-19","245"
"2019-07-02","2019-06-20","280"
"2019-07-02","2019-06-21","234"
"2019-07-02","2019-06-22","237"
"2019-07-02","2019-06-23","299"
"2019-07-02","2019-06-24","225"
"2019-07-02","2019-06-25","243"
"2019-07-02","2019-06-26","305"
"2019-07-02","2019-06-27","309"
"2019-07-02","2019-06-28","376"
"2019-07-02","2019-06-29","585"
"2019-07-02","2019-06-30","797"
"2019-07-03","2019-06-03","121"
"2019-07-03","2019-06-04","152"
"2019-07-03","2019-06-05","204"
"2019-07-03","2019-06-06","217"
"2019-07-03","2019-06-07","206"
"2019-07-03","2019-06-08","202"
"2019-07-03","2019-06-09","300"
"2019-07-03","2019-06-10","248"
"2019-07-03","2019-06-11","244"
"2019-07-03","2019-06-12","255"
"2019-07-03","2019-06-13","240"
"2019-07-03","2019-06-14","206"
"2019-07-03","2019-06-15","270"
"2019-07-03","2019-06-16","297"
"2019-07-03","2019-06-17","192"
"2019-07-03","2019-06-18","213"
"2019-07-03","2019-06-19","235"
"2019-07-03","2019-06-20","276"
"2019-07-03","2019-06-21","242"
"2019-07-03","2019-06-22","234"
"2019-07-03","2019-06-23","276"
"2019-07-03","2019-06-24","210"
"2019-07-03","2019-06-25","228"
"2019-07-03","2019-06-26","275"
"2019-07-03","2019-06-27","284"
"2019-07-03","2019-06-28","340"
"2019-07-03","2019-06-29","498"
"2019-07-03","2019-06-30","661"
"2019-07-04","2019-06-04","99"
"2019-07-04","2019-06-05","150"
"2019-07-04","2019-06-06","216"
"2019-07-04","2019-06-07","200"
"2019-07-04","2019-06-08","199"
"2019-07-04","2019-06-09","305"
"2019-07-04","2019-06-10","244"
"2019-07-04","2019-06-11","239"
"2019-07-04","2019-06-12","248"
"2019-07-04","2019-06-13","248"
"2019-07-04","2019-06-14","203"
"2019-07-04","2019-06-15","264"
"2019-07-04","2019-06-16","278"
"2019-07-04","2019-06-17","197"
"2019-07-04","2019-06-18","217"
"2019-07-04","2019-06-19","230"
"2019-07-04","2019-06-20","260"
"2019-07-04","2019-06-21","234"
"2019-07-04","2019-06-22","211"
"2019-07-04","2019-06-23","264"
"2019-07-04","2019-06-24","197"
"2019-07-04","2019-06-25","222"
"2019-07-04","2019-06-26","257"
"2019-07-04","2019-06-27","259"
"2019-07-04","2019-06-28","302"
"2019-07-04","2019-06-29","451"
"2019-07-04","2019-06-30","569"
"2019-07-05","2019-06-05","110"
"2019-07-05","2019-06-06","179"
"2019-07-05","2019-06-07","190"
"2019-07-05","2019-06-08","199"
"2019-07-05","2019-06-09","293"
"2019-07-05","2019-06-10","226"
"2019-07-05","2019-06-11","231"
"2019-07-05","2019-06-12","253"
"2019-07-05","2019-06-13","221"
"2019-07-05","2019-06-14","203"
"2019-07-05","2019-06-15","252"
"2019-07-05","2019-06-16","272"
"2019-07-05","2019-06-17","186"
"2019-07-05","2019-06-18","195"
"2019-07-05","2019-06-19","212"
"2019-07-05","2019-06-20","231"
"2019-07-05","2019-06-21","227"
"2019-07-05","2019-06-22","209"
"2019-07-05","2019-06-23","262"
"2019-07-05","2019-06-24","193"
"2019-07-05","2019-06-25","206"
"2019-07-05","2019-06-26","243"
"2019-07-05","2019-06-27","235"
"2019-07-05","2019-06-28","286"
"2019-07-05","2019-06-29","408"
"2019-07-05","2019-06-30","517"
"2019-07-06","2019-06-06","118"
"2019-07-06","2019-06-07","144"
"2019-07-06","2019-06-08","196"
"2019-07-06","2019-06-09","297"
"2019-07-06","2019-06-10","227"
"2019-07-06","2019-06-11","217"
"2019-07-06","2019-06-12","232"
"2019-07-06","2019-06-13","213"
"2019-07-06","2019-06-14","190"
"2019-07-06","2019-06-15","245"
"2019-07-06","2019-06-16","276"
"2019-07-06","2019-06-17","167"
"2019-07-06","2019-06-18","198"
"2019-07-06","2019-06-19","198"
"2019-07-06","2019-06-20","233"
"2019-07-06","2019-06-21","208"
"2019-07-06","2019-06-22","208"
"2019-07-06","2019-06-23","256"
"2019-07-06","2019-06-24","174"
"2019-07-06","2019-06-25","195"
"2019-07-06","2019-06-26","228"
"2019-07-06","2019-06-27","226"
"2019-07-06","2019-06-28","268"
"2019-07-06","2019-06-29","380"
"2019-07-06","2019-06-30","502"
"2019-07-07","2019-06-07","89"
"2019-07-07","2019-06-08","158"
"2019-07-07","2019-06-09","280"
"2019-07-07","2019-06-10","232"
"2019-07-07","2019-06-11","229"
"2019-07-07","2019-06-12","226"
"2019-07-07","2019-06-13","196"
"2019-07-07","2019-06-14","184"
"2019-07-07","2019-06-15","238"
"2019-07-07","2019-06-16","273"
"2019-07-07","2019-06-17","158"
"2019-07-07","2019-06-18","184"
"2019-07-07","2019-06-19","186"
"2019-07-07","2019-06-20","235"
"2019-07-07","2019-06-21","201"
"2019-07-07","2019-06-22","193"
"2019-07-07","2019-06-23","249"
"2019-07-07","2019-06-24","174"
"2019-07-07","2019-06-25","197"
"2019-07-07","2019-06-26","202"
"2019-07-07","2019-06-27","217"
"2019-07-07","2019-06-28","245"
"2019-07-07","2019-06-29","363"
"2019-07-07","2019-06-30","493"
"2019-07-08","2019-06-08","112"
"2019-07-08","2019-06-09","221"
"2019-07-08","2019-06-10","216"
"2019-07-08","2019-06-11","217"
"2019-07-08","2019-06-12","224"
"2019-07-08","2019-06-13","210"
"2019-07-08","2019-06-14","173"
"2019-07-08","2019-06-15","237"
"2019-07-08","2019-06-16","258"
"2019-07-08","2019-06-17","168"
"2019-07-08","2019-06-18","186"
"2019-07-08","2019-06-19","193"
"2019-07-08","2019-06-20","243"
"2019-07-08","2019-06-21","204"
"2019-07-08","2019-06-22","183"
"2019-07-08","2019-06-23","234"
"2019-07-08","2019-06-24","182"
"2019-07-08","2019-06-25","180"
"2019-07-08","2019-06-26","192"
"2019-07-08","2019-06-27","204"
"2019-07-08","2019-06-28","247"
"2019-07-08","2019-06-29","344"
"2019-07-08","2019-06-30","445"
"2019-07-09","2019-06-09","143"
"2019-07-09","2019-06-10","174"
"2019-07-09","2019-06-11","208"
"2019-07-09","2019-06-12","223"
"2019-07-09","2019-06-13","205"
"2019-07-09","2019-06-14","177"
"2019-07-09","2019-06-15","228"
"2019-07-09","2019-06-16","241"
"2019-07-09","2019-06-17","163"
"2019-07-09","2019-06-18","179"
"2019-07-09","2019-06-19","196"
"2019-07-09","2019-06-20","217"
"2019-07-09","2019-06-21","195"
"2019-07-09","2019-06-22","175"
"2019-07-09","2019-06-23","222"
"2019-07-09","2019-06-24","173"
"2019-07-09","2019-06-25","174"
"2019-07-09","2019-06-26","196"
"2019-07-09","2019-06-27","196"
"2019-07-09","2019-06-28","236"
"2019-07-09","2019-06-29","302"
"2019-07-09","2019-06-30","421"
"2019-07-10","2019-06-10","108"
"2019-07-10","2019-06-11","156"
"2019-07-10","2019-06-12","203"
"2019-07-10","2019-06-13","201"
"2019-07-10","2019-06-14","174"
"2019-07-10","2019-06-15","224"
"2019-07-10","2019-06-16","235"
"2019-07-10","2019-06-17","152"
"2019-07-10","2019-06-18","179"
"2019-07-10","2019-06-19","184"
"2019-07-10","2019-06-20","202"
"2019-07-10","2019-06-21","179"
"2019-07-10","2019-06-22","168"
"2019-07-10","2019-06-23","206"
"2019-07-10","2019-06-24","166"
"2019-07-10","2019-06-25","158"
"2019-07-10","2019-06-26","185"
"2019-07-10","2019-06-27","183"
"2019-07-10","2019-06-28","200"
"2019-07-10","2019-06-29","296"
"2019-07-10","2019-06-30","403"
"2019-07-11","2019-06-11","95"
"2019-07-11","2019-06-12","160"
"2019-07-11","2019-06-13","192"
"2019-07-11","2019-06-14","170"
"2019-07-11","2019-06-15","206"
"2019-07-11","2019-06-16","222"
"2019-07-11","2019-06-17","150"
"2019-07-11","2019-06-18","167"
"2019-07-11","2019-06-19","183"
"2019-07-11","2019-06-20","202"
"2019-07-11","2019-06-21","173"
"2019-07-11","2019-06-22","152"
"2019-07-11","2019-06-23","202"
"2019-07-11","2019-06-24","160"
"2019-07-11","2019-06-25","156"
"2019-07-11","2019-06-26","177"
"2019-07-11","2019-06-27","174"
"2019-07-11","2019-06-28","200"
"2019-07-11","2019-06-29","281"
"2019-07-11","2019-06-30","362"
"2019-07-12","2019-06-12","115"
"2019-07-12","2019-06-13","145"
"2019-07-12","2019-06-14","170"
"2019-07-12","2019-06-15","199"
"2019-07-12","2019-06-16","203"
"2019-07-12","2019-06-17","150"
"2019-07-12","2019-06-18","150"
"2019-07-12","2019-06-19","168"
"2019-07-12","2019-06-20","186"
"2019-07-12","2019-06-21","167"
"2019-07-12","2019-06-22","157"
"2019-07-12","2019-06-23","198"
"2019-07-12","2019-06-24","145"
"2019-07-12","2019-06-25","147"
"2019-07-12","2019-06-26","169"
"2019-07-12","2019-06-27","159"
"2019-07-12","2019-06-28","199"
"2019-07-12","2019-06-29","276"
"2019-07-12","2019-06-30","330"
"2019-07-13","2019-06-13","97"
"2019-07-13","2019-06-14","142"
"2019-07-13","2019-06-15","208"
"2019-07-13","2019-06-16","217"
"2019-07-13","2019-06-17","149"
"2019-07-13","2019-06-18","147"
"2019-07-13","2019-06-19","162"
"2019-07-13","2019-06-20","177"
"2019-07-13","2019-06-21","168"
"2019-07-13","2019-06-22","152"
"2019-07-13","2019-06-23","187"
"2019-07-13","2019-06-24","138"
"2019-07-13","2019-06-25","134"
"2019-07-13","2019-06-26","157"
"2019-07-13","2019-06-27","145"
"2019-07-13","2019-06-28","185"
"2019-07-13","2019-06-29","268"
"2019-07-13","2019-06-30","309"
"2019-07-14","2019-06-14","88"
"2019-07-14","2019-06-15","151"
"2019-07-14","2019-06-16","203"
"2019-07-14","2019-06-17","142"
"2019-07-14","2019-06-18","132"
"2019-07-14","2019-06-19","153"
"2019-07-14","2019-06-20","172"
"2019-07-14","2019-06-21","160"
"2019-07-14","2019-06-22","154"
"2019-07-14","2019-06-23","185"
"2019-07-14","2019-06-24","146"
"2019-07-14","2019-06-25","126"
"2019-07-14","2019-06-26","155"
"2019-07-14","2019-06-27","149"
"2019-07-14","2019-06-28","178"
"2019-07-14","2019-06-29","270"
"2019-07-14","2019-06-30","302"
"2019-07-15","2019-06-15","106"
"2019-07-15","2019-06-16","146"
"2019-07-15","2019-06-17","134"
"2019-07-15","2019-06-18","147"
"2019-07-15","2019-06-19","155"
"2019-07-15","2019-06-20","180"
"2019-07-15","2019-06-21","162"
"2019-07-15","2019-06-22","144"
"2019-07-15","2019-06-23","181"
"2019-07-15","2019-06-24","139"
"2019-07-15","2019-06-25","141"
"2019-07-15","2019-06-26","154"
"2019-07-15","2019-06-27","146"
"2019-07-15","2019-06-28","171"
"2019-07-15","2019-06-29","252"
"2019-07-15","2019-06-30","299"
"2019-07-16","2019-06-16","96"
"2019-07-16","2019-06-17","104"
"2019-07-16","2019-06-18","148"
"2019-07-16","2019-06-19","152"
"2019-07-16","2019-06-20","173"
"2019-07-16","2019-06-21","151"
"2019-07-16","2019-06-22","150"
"2019-07-16","2019-06-23","171"
"2019-07-16","2019-06-24","145"
"2019-07-16","2019-06-25","131"
"2019-07-16","2019-06-26","150"
"2019-07-16","2019-06-27","144"
"2019-07-16","2019-06-28","162"
"2019-07-16","2019-06-29","242"
"2019-07-16","2019-06-30","259"
"2019-07-17","2019-06-17","74"
"2019-07-17","2019-06-18","119"
"2019-07-17","2019-06-19","148"
"2019-07-17","2019-06-20","171"
"2019-07-17","2019-06-21","144"
"2019-07-17","2019-06-22","140"
"2019-07-17","2019-06-23","158"
"2019-07-17","2019-06-24","132"
"2019-07-17","2019-06-25","125"
"2019-07-17","2019-06-26","150"
"2019-07-17","2019-06-27","132"
"2019-07-17","2019-06-28","155"
"2019-07-17","2019-06-29","221"
"2019-07-17","2019-06-30","269"
"2019-07-18","2019-06-18","82"
"2019-07-18","2019-06-19","108"
"2019-07-18","2019-06-20","160"
"2019-07-18","2019-06-21","132"
"2019-07-18","2019-06-22","126"
"2019-07-18","2019-06-23","159"
"2019-07-18","2019-06-24","124"
"2019-07-18","2019-06-25","112"
"2019-07-18","2019-06-26","138"
"2019-07-18","2019-06-27","122"
"2019-07-18","2019-06-28","147"
"2019-07-18","2019-06-29","224"
"2019-07-18","2019-06-30","237"
"2019-07-19","2019-06-19","75"
"2019-07-19","2019-06-20","120"
"2019-07-19","2019-06-21","134"
"2019-07-19","2019-06-22","121"
"2019-07-19","2019-06-23","139"
"2019-07-19","2019-06-24","121"
"2019-07-19","2019-06-25","95"
"2019-07-19","2019-06-26","128"
"2019-07-19","2019-06-27","124"
"2019-07-19","2019-06-28","146"
"2019-07-19","2019-06-29","219"
"2019-07-19","2019-06-30","236"
"2019-07-20","2019-06-20","74"
"2019-07-20","2019-06-21","112"
"2019-07-20","2019-06-22","122"
"2019-07-20","2019-06-23","149"
"2019-07-20","2019-06-24","113"
"2019-07-20","2019-06-25","97"
"2019-07-20","2019-06-26","124"
"2019-07-20","2019-06-27","115"
"2019-07-20","2019-06-28","134"
"2019-07-20","2019-06-29","212"
"2019-07-20","2019-06-30","231"
"2019-07-21","2019-06-21","82"
"2019-07-21","2019-06-22","102"
"2019-07-21","2019-06-23","151"
"2019-07-21","2019-06-24","105"
"2019-07-21","2019-06-25","101"
"2019-07-21","2019-06-26","118"
"2019-07-21","2019-06-27","110"
"2019-07-21","2019-06-28","135"
"2019-07-21","2019-06-29","219"
"2019-07-21","2019-06-30","225"
"2019-07-22","2019-06-22","62"
"2019-07-22","2019-06-23","107"
"2019-07-22","2019-06-24","101"
"2019-07-22","2019-06-25","96"
"2019-07-22","2019-06-26","118"
"2019-07-22","2019-06-27","105"
"2019-07-22","2019-06-28","135"
"2019-07-22","2019-06-29","203"
"2019-07-22","2019-06-30","215"
"2019-07-23","2019-06-23","68"
"2019-07-23","2019-06-24","83"
"2019-07-23","2019-06-25","100"
"2019-07-23","2019-06-26","103"
"2019-07-23","2019-06-27","106"
"2019-07-23","2019-06-28","140"
"2019-07-23","2019-06-29","186"
"2019-07-23","2019-06-30","212"
"2019-07-24","2019-06-24","61"
"2019-07-24","2019-06-25","81"
"2019-07-24","2019-06-26","105"
"2019-07-24","2019-06-27","99"
"2019-07-24","2019-06-28","124"
"2019-07-24","2019-06-29","177"
"2019-07-24","2019-06-30","214"
"2019-07-25","2019-06-25","52"
"2019-07-25","2019-06-26","78"
"2019-07-25","2019-06-27","100"
"2019-07-25","2019-06-28","129"
"2019-07-25","2019-06-29","169"
"2019-07-25","2019-06-30","210"
"2019-07-26","2019-06-26","48"
"2019-07-26","2019-06-27","76"
"2019-07-26","2019-06-28","120"
"2019-07-26","2019-06-29","167"
"2019-07-26","2019-06-30","193"
"2019-07-27","2019-06-27","53"
"2019-07-27","2019-06-28","87"
"2019-07-27","2019-06-29","172"
"2019-07-27","2019-06-30","186"
"2019-07-28","2019-06-28","54"
"2019-07-28","2019-06-29","129"
"2019-07-28","2019-06-30","198"
"2019-07-29","2019-06-29","89"
"2019-07-29","2019-06-30","144"
"2019-07-30","2019-06-30","91"
