"date","registration_date","users_count_with_revenue","revenue"
"2019-06-01","2019-06-01","1082","1611.8629"
"2019-06-02","2019-06-01","928","317.73767"
"2019-06-02","2019-06-02","1257","1305.2172"
"2019-06-03","2019-06-01","623","192.2731"
"2019-06-03","2019-06-02","1008","554.85913"
"2019-06-03","2019-06-03","905","1026.9128"
"2019-06-04","2019-06-01","585","76.81263"
"2019-06-04","2019-06-02","755","248.20834"
"2019-06-04","2019-06-03","802","302.55664"
"2019-06-04","2019-06-04","940","839.79395"
"2019-06-05","2019-06-01","455","39.35935"
"2019-06-05","2019-06-02","635","125.08687"
"2019-06-05","2019-06-03","544","37.955044"
"2019-06-05","2019-06-04","811","349.4037"
"2019-06-05","2019-06-05","885","915.1972"
"2019-06-06","2019-06-01","433","140.80591"
"2019-06-06","2019-06-02","584","45.338657"
"2019-06-06","2019-06-03","472","91.91516"
"2019-06-06","2019-06-04","651","150.74034"
"2019-06-06","2019-06-05","796","65.9184"
"2019-06-06","2019-06-06","942","1225.6207"
"2019-06-07","2019-06-01","388","403.85324"
"2019-06-07","2019-06-02","501","163.2518"
"2019-06-07","2019-06-03","410","58.82103"
"2019-06-07","2019-06-04","486","188.55164"
"2019-06-07","2019-06-05","612","467.5845"
"2019-06-07","2019-06-06","776","187.14589"
"2019-06-07","2019-06-07","792","576.2399"
"2019-06-08","2019-06-01","365","176.31563"
"2019-06-08","2019-06-02","457","57.680916"
"2019-06-08","2019-06-03","331","225.76584"
"2019-06-08","2019-06-04","376","128.57666"
"2019-06-08","2019-06-05","466","113.17588"
"2019-06-08","2019-06-06","529","241.35736"
"2019-06-08","2019-06-07","614","412.6369"
"2019-06-08","2019-06-08","700","706.57275"
"2019-06-09","2019-06-02","461","193.83919"
"2019-06-09","2019-06-03","303","36.981598"
"2019-06-09","2019-06-04","364","174.70746"
"2019-06-09","2019-06-05","394","118.167984"
"2019-06-09","2019-06-06","455","256.7904"
"2019-06-09","2019-06-07","425","193.32462"
"2019-06-09","2019-06-08","662","409.65668"
"2019-06-09","2019-06-09","1068","1485.3783"
"2019-06-10","2019-06-01","328","29.640572"
"2019-06-10","2019-06-02","419","48.84983"
"2019-06-10","2019-06-03","320","27.75479"
"2019-06-10","2019-06-04","360","111.73254"
"2019-06-10","2019-06-05","377","2.0019827"
"2019-06-10","2019-06-06","417","127.63297"
"2019-06-10","2019-06-07","399","116.433624"
"2019-06-10","2019-06-08","501","144.41025"
"2019-06-10","2019-06-09","909","269.35013"
"2019-06-10","2019-06-10","925","1213.092"
"2019-06-11","2019-06-01","289","7.0141697"
"2019-06-11","2019-06-02","372","124.279755"
"2019-06-11","2019-06-03","293","28.041084"
"2019-06-11","2019-06-04","320","54.961"
"2019-06-11","2019-06-05","349","34.871887"
"2019-06-11","2019-06-06","363","32.728592"
"2019-06-11","2019-06-07","342","99.69063"
"2019-06-11","2019-06-08","418","164.0687"
"2019-06-11","2019-06-09","685","218.62064"
"2019-06-11","2019-06-10","802","421.70526"
"2019-06-11","2019-06-11","856","531.6989"
"2019-06-12","2019-06-01","272","58.959637"
"2019-06-12","2019-06-02","347","29.074127"
"2019-06-12","2019-06-03","292","29.187136"
"2019-06-12","2019-06-04","301","89.89029"
"2019-06-12","2019-06-05","301","63.155384"
"2019-06-12","2019-06-06","328","137.4283"
"2019-06-12","2019-06-07","299","268.5661"
"2019-06-12","2019-06-08","332","148.06186"
"2019-06-12","2019-06-09","551","118.61997"
"2019-06-12","2019-06-10","553","142.17899"
"2019-06-12","2019-06-11","745","499.18887"
"2019-06-12","2019-06-12","897","1024.5917"
"2019-06-13","2019-06-01","263","21.505999"
"2019-06-13","2019-06-02","305","36.441765"
"2019-06-13","2019-06-03","264","9.274379"
"2019-06-13","2019-06-04","268","220.68393"
"2019-06-13","2019-06-05","274","51.838657"
"2019-06-13","2019-06-06","296","27.209469"
"2019-06-13","2019-06-07","265","49.29382"
"2019-06-13","2019-06-08","298","156.15503"
"2019-06-13","2019-06-09","494","328.30048"
"2019-06-13","2019-06-10","466","78.22951"
"2019-06-13","2019-06-11","549","597.6684"
"2019-06-13","2019-06-12","762","111.993195"
"2019-06-13","2019-06-13","818","781.20123"
"2019-06-14","2019-06-01","245","37.0317"
"2019-06-14","2019-06-02","324","16.124573"
"2019-06-14","2019-06-03","227","97.21092"
"2019-06-14","2019-06-04","258","74.045"
"2019-06-14","2019-06-05","255","182.01701"
"2019-06-14","2019-06-06","276","16.321653"
"2019-06-14","2019-06-07","248","57.696575"
"2019-06-14","2019-06-08","291","102.17066"
"2019-06-14","2019-06-09","451","70.05888"
"2019-06-14","2019-06-10","419","51.847218"
"2019-06-14","2019-06-11","481","316.74164"
"2019-06-14","2019-06-12","590","404.52344"
"2019-06-14","2019-06-13","713","134.96516"
"2019-06-14","2019-06-14","698","791.85596"
"2019-06-15","2019-06-01","244","25.781796"
"2019-06-15","2019-06-02","332","215.64816"
"2019-06-15","2019-06-03","250","89.693146"
"2019-06-15","2019-06-04","240","86.5341"
"2019-06-15","2019-06-05","244","22.681238"
"2019-06-15","2019-06-06","235","56.1966"
"2019-06-15","2019-06-07","222","24.668606"
"2019-06-15","2019-06-08","260","22.016531"
"2019-06-15","2019-06-09","428","159.23172"
"2019-06-15","2019-06-10","371","142.00795"
"2019-06-15","2019-06-11","417","50.840366"
"2019-06-15","2019-06-12","471","162.92085"
"2019-06-15","2019-06-13","534","90.24117"
"2019-06-15","2019-06-14","631","229.46712"
"2019-06-15","2019-06-15","787","1201.9629"
"2019-06-16","2019-06-01","231","43.322834"
"2019-06-16","2019-06-02","304","8.844361"
"2019-06-16","2019-06-03","204","38.599712"
"2019-06-16","2019-06-04","215","40.323746"
"2019-06-16","2019-06-05","230","67.29184"
"2019-06-16","2019-06-06","254","230.29196"
"2019-06-16","2019-06-07","230","58.98498"
"2019-06-16","2019-06-08","234","49.821667"
"2019-06-16","2019-06-09","397","219.99922"
"2019-06-16","2019-06-10","370","79.49005"
"2019-06-16","2019-06-11","382","64.10002"
"2019-06-16","2019-06-12","434","34.022427"
"2019-06-16","2019-06-13","410","329.62875"
"2019-06-16","2019-06-14","456","219.68295"
"2019-06-16","2019-06-15","737","236.34804"
"2019-06-16","2019-06-16","819","1170.2412"
"2019-06-17","2019-06-01","231","5.9794836"
"2019-06-17","2019-06-02","263","82.69952"
"2019-06-17","2019-06-03","218","3.3198469"
"2019-06-17","2019-06-04","239","21.60559"
"2019-06-17","2019-06-05","225","4.1455183"
"2019-06-17","2019-06-06","246","195.79214"
"2019-06-17","2019-06-07","209","83.421844"
"2019-06-17","2019-06-08","219","91.79078"
"2019-06-17","2019-06-09","342","44.51614"
"2019-06-17","2019-06-10","330","75.33003"
"2019-06-17","2019-06-11","368","176.72482"
"2019-06-17","2019-06-12","382","322.30838"
"2019-06-17","2019-06-13","419","5.273021"
"2019-06-17","2019-06-14","386","64.164795"
"2019-06-17","2019-06-15","534","162.26308"
"2019-06-17","2019-06-16","673","350.24545"
"2019-06-17","2019-06-17","665","870.9608"
"2019-06-18","2019-06-03","208","95.638535"
"2019-06-18","2019-06-04","223","43.51279"
"2019-06-18","2019-06-05","216","39.849724"
"2019-06-18","2019-06-06","227","9.304748"
"2019-06-18","2019-06-07","192","28.608818"
"2019-06-18","2019-06-08","210","28.513962"
"2019-06-18","2019-06-09","315","51.894577"
"2019-06-18","2019-06-10","304","27.300848"
"2019-06-18","2019-06-11","310","25.462742"
"2019-06-18","2019-06-12","350","183.60484"
"2019-06-18","2019-06-13","343","24.084925"
"2019-06-18","2019-06-14","332","254.77843"
"2019-06-18","2019-06-15","455","238.93463"
"2019-06-18","2019-06-16","528","102.267426"
"2019-06-18","2019-06-17","585","496.526"
"2019-06-18","2019-06-18","661","847.7324"
"2019-06-19","2019-06-01","205","9.638867"
"2019-06-19","2019-06-02","291","15.3825445"
"2019-06-19","2019-06-03","206","17.768276"
"2019-06-19","2019-06-04","198","37.80458"
"2019-06-19","2019-06-05","212","95.33096"
"2019-06-19","2019-06-06","238","36.634888"
"2019-06-19","2019-06-07","203","73.59094"
"2019-06-19","2019-06-08","206","49.291218"
"2019-06-19","2019-06-09","306","130.64445"
"2019-06-19","2019-06-10","266","47.828762"
"2019-06-19","2019-06-11","314","161.64938"
"2019-06-19","2019-06-12","323","50.874752"
"2019-06-19","2019-06-13","323","86.967514"
"2019-06-19","2019-06-14","286","255.26385"
"2019-06-19","2019-06-15","395","22.998259"
"2019-06-19","2019-06-16","445","87.8072"
"2019-06-19","2019-06-17","418","83.05066"
"2019-06-19","2019-06-18","591","244.62888"
"2019-06-19","2019-06-19","686","648.4376"
"2019-06-20","2019-06-01","201","13.205171"
"2019-06-20","2019-06-03","192","171.78171"
"2019-06-20","2019-06-04","184","66.13023"
"2019-06-20","2019-06-05","199","21.564049"
"2019-06-20","2019-06-07","185","21.608318"
"2019-06-20","2019-06-08","185","172.4688"
"2019-06-20","2019-06-09","298","25.474245"
"2019-06-20","2019-06-10","278","69.884575"
"2019-06-20","2019-06-11","282","76.48971"
"2019-06-20","2019-06-12","296","31.18079"
"2019-06-20","2019-06-13","299","132.49304"
"2019-06-20","2019-06-14","262","9.391322"
"2019-06-20","2019-06-15","390","401.48477"
"2019-06-20","2019-06-16","421","44.060932"
"2019-06-20","2019-06-17","368","404.6089"
"2019-06-20","2019-06-18","420","158.88528"
"2019-06-20","2019-06-19","601","334.3237"
"2019-06-20","2019-06-20","654","762.1471"
"2019-06-21","2019-06-01","203","16.699045"
"2019-06-21","2019-06-02","242","2.2550435"
"2019-06-21","2019-06-03","181","5.068959"
"2019-06-21","2019-06-04","167","51.26404"
"2019-06-21","2019-06-05","171","34.617176"
"2019-06-21","2019-06-06","201","9.035174"
"2019-06-21","2019-06-07","185","52.610672"
"2019-06-21","2019-06-08","199","5.048819"
"2019-06-21","2019-06-09","276","14.424842"
"2019-06-21","2019-06-10","272","68.0574"
"2019-06-21","2019-06-11","270","29.371618"
"2019-06-21","2019-06-12","283","49.164467"
"2019-06-21","2019-06-13","276","43.68165"
"2019-06-21","2019-06-14","251","46.562435"
"2019-06-21","2019-06-15","321","31.456482"
"2019-06-21","2019-06-16","348","24.314064"
"2019-06-21","2019-06-17","305","194.2772"
"2019-06-21","2019-06-18","346","187.05205"
"2019-06-21","2019-06-19","452","96.96568"
"2019-06-21","2019-06-20","621","181.55159"
"2019-06-21","2019-06-21","589","613.3822"
"2019-06-22","2019-06-01","198","17.005861"
"2019-06-22","2019-06-02","230","60.55628"
"2019-06-22","2019-06-04","175","11.089294"
"2019-06-22","2019-06-05","188","52.852985"
"2019-06-22","2019-06-06","157","60.057964"
"2019-06-22","2019-06-07","173","115.50197"
"2019-06-22","2019-06-08","183","108.19294"
"2019-06-22","2019-06-09","292","163.87709"
"2019-06-22","2019-06-10","256","22.61398"
"2019-06-22","2019-06-11","247","79.067535"
"2019-06-22","2019-06-12","249","62.02717"
"2019-06-22","2019-06-13","252","105.63359"
"2019-06-22","2019-06-14","246","66.89078"
"2019-06-22","2019-06-15","312","84.98364"
"2019-06-22","2019-06-16","358","113.889244"
"2019-06-22","2019-06-17","289","211.57162"
"2019-06-22","2019-06-18","318","56.995064"
"2019-06-22","2019-06-19","346","292.79337"
"2019-06-22","2019-06-20","426","60.407593"
"2019-06-22","2019-06-21","523","172.15265"
"2019-06-22","2019-06-22","614","510.6407"
"2019-06-23","2019-06-01","189","145.03659"
"2019-06-23","2019-06-02","246","8.646271"
"2019-06-23","2019-06-03","179","17.819042"
"2019-06-23","2019-06-04","172","30.059511"
"2019-06-23","2019-06-05","173","64.280846"
"2019-06-23","2019-06-06","188","14.622087"
"2019-06-23","2019-06-07","162","182.30867"
"2019-06-23","2019-06-08","172","22.212107"
"2019-06-23","2019-06-09","279","92.45719"
"2019-06-23","2019-06-10","238","43.293167"
"2019-06-23","2019-06-11","240","22.838495"
"2019-06-23","2019-06-12","252","78.82682"
"2019-06-23","2019-06-13","244","52.337265"
"2019-06-23","2019-06-14","234","1.3368772"
"2019-06-23","2019-06-15","304","9.619049"
"2019-06-23","2019-06-16","330","26.641184"
"2019-06-23","2019-06-17","251","3.9880915"
"2019-06-23","2019-06-18","282","395.5821"
"2019-06-23","2019-06-19","330","90.368034"
"2019-06-23","2019-06-20","371","150.27754"
"2019-06-23","2019-06-21","378","152.67442"
"2019-06-23","2019-06-22","545","175.11342"
"2019-06-23","2019-06-23","727","638.62213"
"2019-06-24","2019-06-01","185","59.680195"
"2019-06-24","2019-06-02","268","8.656622"
"2019-06-24","2019-06-03","178","48.594273"
"2019-06-24","2019-06-04","172","93.837204"
"2019-06-24","2019-06-05","167","47.21736"
"2019-06-24","2019-06-06","186","23.643778"
"2019-06-24","2019-06-07","168","58.06045"
"2019-06-24","2019-06-08","171","55.61323"
"2019-06-24","2019-06-09","264","90.65988"
"2019-06-24","2019-06-10","226","46.69586"
"2019-06-24","2019-06-11","261","37.00979"
"2019-06-24","2019-06-13","218","64.42904"
"2019-06-24","2019-06-14","208","22.986536"
"2019-06-24","2019-06-15","252","25.877674"
"2019-06-24","2019-06-16","289","21.07964"
"2019-06-24","2019-06-17","242","311.87473"
"2019-06-24","2019-06-18","253","40.575893"
"2019-06-24","2019-06-19","322","21.052809"
"2019-06-24","2019-06-20","305","47.072365"
"2019-06-24","2019-06-21","329","121.903366"
"2019-06-24","2019-06-22","377","119.863785"
"2019-06-24","2019-06-23","556","101.32406"
"2019-06-24","2019-06-24","510","445.86487"
"2019-06-25","2019-06-01","174","5.6173077"
"2019-06-25","2019-06-02","254","35.346127"
"2019-06-25","2019-06-03","175","13.096819"
"2019-06-25","2019-06-04","161","9.620146"
"2019-06-25","2019-06-05","186","18.957327"
"2019-06-25","2019-06-06","177","38.58262"
"2019-06-25","2019-06-07","162","25.958502"
"2019-06-25","2019-06-09","270","21.177416"
"2019-06-25","2019-06-10","219","14.363944"
"2019-06-25","2019-06-11","236","56.891453"
"2019-06-25","2019-06-12","230","25.121845"
"2019-06-25","2019-06-13","199","27.08466"
"2019-06-25","2019-06-14","207","181.53625"
"2019-06-25","2019-06-15","281","11.924097"
"2019-06-25","2019-06-16","293","14.320025"
"2019-06-25","2019-06-17","224","21.7542"
"2019-06-25","2019-06-18","245","86.60724"
"2019-06-25","2019-06-19","281","113.06211"
"2019-06-25","2019-06-20","295","274.4394"
"2019-06-25","2019-06-21","299","8.423502"
"2019-06-25","2019-06-22","324","56.59846"
"2019-06-25","2019-06-23","433","46.798115"
"2019-06-25","2019-06-24","443","84.779175"
"2019-06-25","2019-06-25","464","658.78326"
"2019-06-26","2019-06-01","178","11.773382"
"2019-06-26","2019-06-02","217","16.547186"
"2019-06-26","2019-06-03","177","86.52326"
"2019-06-26","2019-06-04","165","55.246006"
"2019-06-26","2019-06-05","166","20.378036"
"2019-06-26","2019-06-06","158","5.5147524"
"2019-06-26","2019-06-07","155","19.641626"
"2019-06-26","2019-06-08","156","131.42664"
"2019-06-26","2019-06-09","251","5.6078176"
"2019-06-26","2019-06-10","222","5.577279"
"2019-06-26","2019-06-11","215","14.335743"
"2019-06-26","2019-06-12","244","18.920002"
"2019-06-26","2019-06-13","211","34.815277"
"2019-06-26","2019-06-14","178","42.30082"
"2019-06-26","2019-06-15","257","39.82724"
"2019-06-26","2019-06-16","262","204.59541"
"2019-06-26","2019-06-17","216","1.854763"
"2019-06-26","2019-06-18","226","39.252388"
"2019-06-26","2019-06-19","237","36.082386"
"2019-06-26","2019-06-20","277","316.68063"
"2019-06-26","2019-06-21","252","184.96057"
"2019-06-26","2019-06-22","278","94.54108"
"2019-06-26","2019-06-23","358","121.1071"
"2019-06-26","2019-06-24","302","74.241196"
"2019-06-26","2019-06-25","387","184.76385"
"2019-06-26","2019-06-26","508","1184.3448"
"2019-06-27","2019-06-01","171","42.034058"
"2019-06-27","2019-06-02","213","260.99655"
"2019-06-27","2019-06-03","165","5.022283"
"2019-06-27","2019-06-05","169","10.117652"
"2019-06-27","2019-06-06","168","55.494904"
"2019-06-27","2019-06-10","203","12.27414"
"2019-06-27","2019-06-11","208","139.28938"
"2019-06-27","2019-06-12","207","6.1449466"
"2019-06-27","2019-06-13","214","12.837909"
"2019-06-27","2019-06-14","186","5.5500298"
"2019-06-27","2019-06-15","238","94.08838"
"2019-06-27","2019-06-16","261","34.997772"
"2019-06-27","2019-06-17","192","131.61899"
"2019-06-27","2019-06-18","194","144.97357"
"2019-06-27","2019-06-19","228","20.034199"
"2019-06-27","2019-06-20","259","32.151367"
"2019-06-27","2019-06-21","234","16.300262"
"2019-06-27","2019-06-22","254","101.00051"
"2019-06-27","2019-06-23","310","110.93983"
"2019-06-27","2019-06-24","264","4.4834642"
"2019-06-27","2019-06-25","279","222.5125"
"2019-06-27","2019-06-26","469","376.6376"
"2019-06-27","2019-06-27","581","301.56793"
"2019-06-28","2019-06-01","154","184.56181"
"2019-06-28","2019-06-02","212","21.477419"
"2019-06-28","2019-06-03","158","10.563945"
"2019-06-28","2019-06-04","145","8.023475"
"2019-06-28","2019-06-05","157","15.756992"
"2019-06-28","2019-06-06","170","7.96404"
"2019-06-28","2019-06-07","141","28.808039"
"2019-06-28","2019-06-09","232","12.411846"
"2019-06-28","2019-06-10","198","56.584133"
"2019-06-28","2019-06-11","216","59.38592"
"2019-06-28","2019-06-12","213","9.503721"
"2019-06-28","2019-06-13","194","33.020195"
"2019-06-28","2019-06-14","173","23.928612"
"2019-06-28","2019-06-15","222","64.54745"
"2019-06-28","2019-06-16","243","55.915012"
"2019-06-28","2019-06-17","183","62.589123"
"2019-06-28","2019-06-18","175","50.439537"
"2019-06-28","2019-06-19","199","378.02744"
"2019-06-28","2019-06-20","231","120.36986"
"2019-06-28","2019-06-21","220","27.795816"
"2019-06-28","2019-06-22","211","14.6718645"
"2019-06-28","2019-06-23","261","102.737625"
"2019-06-28","2019-06-25","252","44.538967"
"2019-06-28","2019-06-26","320","129.76666"
"2019-06-28","2019-06-27","437","73.59149"
"2019-06-28","2019-06-28","516","596.6842"
"2019-06-29","2019-06-01","167","31.592169"
"2019-06-29","2019-06-02","194","3.9342647"
"2019-06-29","2019-06-03","132","11.069931"
"2019-06-29","2019-06-04","135","3.3030314"
"2019-06-29","2019-06-05","153","62.70974"
"2019-06-29","2019-06-06","170","27.350685"
"2019-06-29","2019-06-07","147","9.933595"
"2019-06-29","2019-06-08","145","21.367992"
"2019-06-29","2019-06-09","223","21.697353"
"2019-06-29","2019-06-10","202","4.9813514"
"2019-06-29","2019-06-11","198","32.113697"
"2019-06-29","2019-06-12","188","5.627774"
"2019-06-29","2019-06-13","179","11.817915"
"2019-06-29","2019-06-14","149","9.725015"
"2019-06-29","2019-06-15","223","15.851916"
"2019-06-29","2019-06-16","242","55.22699"
"2019-06-29","2019-06-17","155","1.85112"
"2019-06-29","2019-06-18","169","14.588301"
"2019-06-29","2019-06-19","178","41.93315"
"2019-06-29","2019-06-20","230","4.0787005"
"2019-06-29","2019-06-21","193","37.33871"
"2019-06-29","2019-06-22","235","134.43513"
"2019-06-29","2019-06-23","253","5.586025"
"2019-06-29","2019-06-24","199","68.32522"
"2019-06-29","2019-06-25","197","2.7663484"
"2019-06-29","2019-06-26","265","160.12997"
"2019-06-29","2019-06-27","334","76.44689"
"2019-06-29","2019-06-28","465","68.75249"
"2019-06-29","2019-06-29","691","850.68756"
"2019-06-30","2019-06-01","130","5.57065"
"2019-06-30","2019-06-02","207","17.487328"
"2019-06-30","2019-06-04","144","11.051936"
"2019-06-30","2019-06-05","141","8.891796"
"2019-06-30","2019-06-06","138","4.115774"
"2019-06-30","2019-06-09","250","22.880926"
"2019-06-30","2019-06-10","198","9.339731"
"2019-06-30","2019-06-11","187","17.307993"
"2019-06-30","2019-06-12","165","51.030148"
"2019-06-30","2019-06-13","179","22.83141"
"2019-06-30","2019-06-14","153","63.490257"
"2019-06-30","2019-06-15","186","48.61949"
"2019-06-30","2019-06-16","231","80.690384"
"2019-06-30","2019-06-18","142","26.524393"
"2019-06-30","2019-06-19","178","49.901173"
"2019-06-30","2019-06-20","191","148.11018"
"2019-06-30","2019-06-21","182","272.75662"
"2019-06-30","2019-06-22","185","46.64069"
"2019-06-30","2019-06-23","219","2.9890447"
"2019-06-30","2019-06-24","184","155.66302"
"2019-06-30","2019-06-25","188","82.36683"
"2019-06-30","2019-06-26","235","27.316502"
"2019-06-30","2019-06-27","277","23.529736"
"2019-06-30","2019-06-28","351","170.20992"
"2019-06-30","2019-06-29","595","80.17818"
"2019-06-30","2019-06-30","766","1061.9822"
"2019-07-01","2019-06-01","94","56.43482"
"2019-07-01","2019-06-02","155","6.885621"
"2019-07-01","2019-06-05","142","68.36871"
"2019-07-01","2019-06-06","138","33.898636"
"2019-07-01","2019-06-07","139","24.802296"
"2019-07-01","2019-06-08","135","46.422123"
"2019-07-01","2019-06-10","188","12.58258"
"2019-07-01","2019-06-11","178","28.276567"
"2019-07-01","2019-06-12","189","12.462115"
"2019-07-01","2019-06-13","150","80.25613"
"2019-07-01","2019-06-14","148","14.303232"
"2019-07-01","2019-06-15","196","23.788841"
"2019-07-01","2019-06-16","216","40.70707"
"2019-07-01","2019-06-17","142","21.528961"
"2019-07-01","2019-06-18","151","34.550423"
"2019-07-01","2019-06-19","194","28.417572"
"2019-07-01","2019-06-20","189","26.618975"
"2019-07-01","2019-06-21","185","8.3269825"
"2019-07-01","2019-06-22","167","86.04902"
"2019-07-01","2019-06-23","214","158.42876"
"2019-07-01","2019-06-24","164","9.014121"
"2019-07-01","2019-06-26","209","185.39584"
"2019-07-01","2019-06-27","231","141.33714"
"2019-07-01","2019-06-28","279","61.756195"
"2019-07-01","2019-06-29","463","53.573536"
"2019-07-01","2019-06-30","720","165.51277"
"2019-07-02","2019-06-02","102","90.64788"
"2019-07-02","2019-06-03","115","6.0715737"
"2019-07-02","2019-06-04","129","72.39875"
"2019-07-02","2019-06-05","142","28.049496"
"2019-07-02","2019-06-06","137","65.30452"
"2019-07-02","2019-06-07","138","57.638145"
"2019-07-02","2019-06-09","227","9.216797"
"2019-07-02","2019-06-10","166","4.027638"
"2019-07-02","2019-06-11","173","30.691982"
"2019-07-02","2019-06-12","175","19.135384"
"2019-07-02","2019-06-13","167","6.2170553"
"2019-07-02","2019-06-14","134","90.564865"
"2019-07-02","2019-06-15","180","52.945366"
"2019-07-02","2019-06-16","188","5.4560366"
"2019-07-02","2019-06-17","144","21.075445"
"2019-07-02","2019-06-18","130","20.421038"
"2019-07-02","2019-06-19","166","4.987642"
"2019-07-02","2019-06-21","154","25.112621"
"2019-07-02","2019-06-22","147","69.630844"
"2019-07-02","2019-06-23","193","70.990486"
"2019-07-02","2019-06-24","135","159.32127"
"2019-07-02","2019-06-25","156","6.2617517"
"2019-07-02","2019-06-26","191","11.76705"
"2019-07-02","2019-06-27","192","92.03315"
"2019-07-02","2019-06-28","256","87.00973"
"2019-07-02","2019-06-29","409","40.38696"
"2019-07-02","2019-06-30","528","141.56058"
"2019-07-03","2019-06-05","140","74.217255"
"2019-07-03","2019-06-06","150","129.96504"
"2019-07-03","2019-06-07","138","7.42378"
"2019-07-03","2019-06-08","128","16.995342"
"2019-07-03","2019-06-09","189","20.385574"
"2019-07-03","2019-06-10","157","19.460175"
"2019-07-03","2019-06-11","170","21.58649"
"2019-07-03","2019-06-12","150","67.88398"
"2019-07-03","2019-06-13","161","63.363796"
"2019-07-03","2019-06-14","125","19.978199"
"2019-07-03","2019-06-15","173","28.781557"
"2019-07-03","2019-06-16","201","75.99025"
"2019-07-03","2019-06-17","112","65.15497"
"2019-07-03","2019-06-18","132","5.950215"
"2019-07-03","2019-06-19","147","95.305214"
"2019-07-03","2019-06-20","164","26.612085"
"2019-07-03","2019-06-21","161","50.851974"
"2019-07-03","2019-06-22","161","129.68799"
"2019-07-03","2019-06-23","167","66.57619"
"2019-07-03","2019-06-24","130","97.34929"
"2019-07-03","2019-06-25","145","7.9766994"
"2019-07-03","2019-06-26","175","14.491394"
"2019-07-03","2019-06-27","190","5.613529"
"2019-07-03","2019-06-28","216","30.2501"
"2019-07-03","2019-06-29","318","76.31322"
"2019-07-03","2019-06-30","420","5.4481325"
"2019-07-04","2019-06-04","68","5.0177646"
"2019-07-04","2019-06-05","98","28.981443"
"2019-07-04","2019-06-06","140","22.429049"
"2019-07-04","2019-06-07","120","25.042343"
"2019-07-04","2019-06-08","126","28.442852"
"2019-07-04","2019-06-09","208","5.589672"
"2019-07-04","2019-06-11","148","17.83739"
"2019-07-04","2019-06-12","151","6.9448714"
"2019-07-04","2019-06-14","131","96.910385"
"2019-07-04","2019-06-15","175","18.139727"
"2019-07-04","2019-06-16","184","4.9663033"
"2019-07-04","2019-06-17","127","10.603328"
"2019-07-04","2019-06-19","153","49.495304"
"2019-07-04","2019-06-20","153","5.013155"
"2019-07-04","2019-06-21","143","18.96124"
"2019-07-04","2019-06-22","134","132.26414"
"2019-07-04","2019-06-23","150","69.4941"
"2019-07-04","2019-06-24","128","13.521698"
"2019-07-04","2019-06-25","144","38.521046"
"2019-07-04","2019-06-26","168","58.527534"
"2019-07-04","2019-06-27","172","14.54326"
"2019-07-04","2019-06-28","179","18.42052"
"2019-07-04","2019-06-29","295","56.4457"
"2019-07-04","2019-06-30","364","91.277725"
"2019-07-05","2019-06-05","66","27.16175"
"2019-07-05","2019-06-06","122","18.23321"
"2019-07-05","2019-06-07","125","219.7769"
"2019-07-05","2019-06-08","118","29.174305"
"2019-07-05","2019-06-09","190","12.018459"
"2019-07-05","2019-06-10","143","27.558283"
"2019-07-05","2019-06-11","149","21.918694"
"2019-07-05","2019-06-12","162","37.21902"
"2019-07-05","2019-06-13","155","1.8145331"
"2019-07-05","2019-06-14","126","27.51259"
"2019-07-05","2019-06-15","146","5.6098886"
"2019-07-05","2019-06-17","123","19.433243"
"2019-07-05","2019-06-19","133","36.717133"
"2019-07-05","2019-06-20","144","11.184446"
"2019-07-05","2019-06-21","134","10.984917"
"2019-07-05","2019-06-22","135","44.17726"
"2019-07-05","2019-06-23","164","11.10373"
"2019-07-05","2019-06-24","132","120.22022"
"2019-07-05","2019-06-25","141","91.04836"
"2019-07-05","2019-06-26","166","34.83996"
"2019-07-05","2019-06-27","156","16.156143"
"2019-07-05","2019-06-28","187","16.98516"
"2019-07-05","2019-06-29","272","34.415554"
"2019-07-05","2019-06-30","332","35.017273"
"2019-07-06","2019-06-07","101","10.932331"
"2019-07-06","2019-06-09","187","54.488728"
"2019-07-06","2019-06-10","154","13.393276"
"2019-07-06","2019-06-11","142","17.773676"
"2019-07-06","2019-06-12","147","64.30932"
"2019-07-06","2019-06-15","164","60.619328"
"2019-07-06","2019-06-16","176","5.634369"
"2019-07-06","2019-06-17","108","6.061068"
"2019-07-06","2019-06-19","129","57.655777"
"2019-07-06","2019-06-20","144","2.5122998"
"2019-07-06","2019-06-21","132","58.331398"
"2019-07-06","2019-06-22","123","5.0009537"
"2019-07-06","2019-06-23","153","200.8112"
"2019-07-06","2019-06-24","108","21.403372"
"2019-07-06","2019-06-25","129","110.548355"
"2019-07-06","2019-06-26","149","17.770258"
"2019-07-06","2019-06-27","143","3.3282793"
"2019-07-06","2019-06-28","181","59.135628"
"2019-07-06","2019-06-29","252","28.725285"
"2019-07-06","2019-06-30","332","5.017278"
"2019-07-07","2019-06-07","60","6.0424805"
"2019-07-07","2019-06-08","106","124.52691"
"2019-07-07","2019-06-10","162","10.201112"
"2019-07-07","2019-06-11","157","13.131295"
"2019-07-07","2019-06-12","141","10.866164"
"2019-07-07","2019-06-13","129","10.347595"
"2019-07-07","2019-06-14","116","61.625553"
"2019-07-07","2019-06-16","175","14.039622"
"2019-07-07","2019-06-17","98","23.854502"
"2019-07-07","2019-06-18","124","5.600369"
"2019-07-07","2019-06-19","124","5.6088767"
"2019-07-07","2019-06-20","148","5.572772"
"2019-07-07","2019-06-22","120","3.8786542"
"2019-07-07","2019-06-23","155","17.332266"
"2019-07-07","2019-06-24","114","45.53803"
"2019-07-07","2019-06-25","130","20.437057"
"2019-07-07","2019-06-26","125","46.17379"
"2019-07-07","2019-06-27","147","296.07047"
"2019-07-07","2019-06-28","153","18.601265"
"2019-07-07","2019-06-29","235","6.563071"
"2019-07-07","2019-06-30","325","37.015713"
"2019-07-08","2019-06-08","73","8.811317"
"2019-07-08","2019-06-09","135","3.594033"
"2019-07-08","2019-06-11","133","11.184393"
"2019-07-08","2019-06-12","136","9.450344"
"2019-07-08","2019-06-13","138","7.9389424"
"2019-07-08","2019-06-14","113","12.4267025"
"2019-07-08","2019-06-15","149","12.099162"
"2019-07-08","2019-06-16","167","3.3363032"
"2019-07-08","2019-06-17","107","10.55536"
"2019-07-08","2019-06-18","121","3.360823"
"2019-07-08","2019-06-19","126","5.5825047"
"2019-07-08","2019-06-20","154","15.985856"
"2019-07-08","2019-06-21","132","0.560212"
"2019-07-08","2019-06-22","112","3.2536445"
"2019-07-08","2019-06-23","154","4.2627664"
"2019-07-08","2019-06-24","120","156.2243"
"2019-07-08","2019-06-25","117","72.26253"
"2019-07-08","2019-06-26","125","194.80334"
"2019-07-08","2019-06-27","138","22.781708"
"2019-07-08","2019-06-28","171","52.931934"
"2019-07-08","2019-06-30","281","5.4128633"
"2019-07-09","2019-06-10","114","5.5973563"
"2019-07-09","2019-06-11","137","7.7068386"
"2019-07-09","2019-06-12","137","5.067222"
"2019-07-09","2019-06-13","132","11.458267"
"2019-07-09","2019-06-14","115","87.92481"
"2019-07-09","2019-06-15","135","33.550804"
"2019-07-09","2019-06-16","152","4.2919116"
"2019-07-09","2019-06-17","108","11.472977"
"2019-07-09","2019-06-18","105","14.202393"
"2019-07-09","2019-06-19","123","27.697865"
"2019-07-09","2019-06-20","144","9.930938"
"2019-07-09","2019-06-21","133","22.41481"
"2019-07-09","2019-06-22","101","34.506287"
"2019-07-09","2019-06-23","138","30.27497"
"2019-07-09","2019-06-24","112","76.02075"
"2019-07-09","2019-06-25","118","26.283813"
"2019-07-09","2019-06-27","128","99.186485"
"2019-07-09","2019-06-29","199","115.79643"
"2019-07-09","2019-06-30","294","11.211773"
"2019-07-10","2019-06-10","72","22.192492"
"2019-07-10","2019-06-11","100","3.3319972"
"2019-07-10","2019-06-13","128","6.1461425"
"2019-07-10","2019-06-15","127","17.48422"
"2019-07-10","2019-06-16","151","15.318409"
"2019-07-10","2019-06-17","93","67.09107"
"2019-07-10","2019-06-18","118","25.559921"
"2019-07-10","2019-06-21","125","68.62468"
"2019-07-10","2019-06-22","116","0.6146553"
"2019-07-10","2019-06-23","129","12.634973"
"2019-07-10","2019-06-25","108","51.353817"
"2019-07-10","2019-06-26","124","22.39572"
"2019-07-10","2019-06-28","120","129.74698"
"2019-07-10","2019-06-29","200","49.406017"
"2019-07-11","2019-06-11","63","4.0127277"
"2019-07-11","2019-06-12","96","60.2703"
"2019-07-11","2019-06-13","129","39.064583"
"2019-07-11","2019-06-14","105","14.2735815"
"2019-07-11","2019-06-15","151","25.04348"
"2019-07-11","2019-06-16","149","51.065887"
"2019-07-11","2019-06-17","95","19.68662"
"2019-07-11","2019-06-18","106","6.7855167"
"2019-07-11","2019-06-19","116","2.0257463"
"2019-07-11","2019-06-21","107","3.699252"
"2019-07-11","2019-06-23","136","55.97169"
"2019-07-11","2019-06-24","105","14.336275"
"2019-07-11","2019-06-25","112","6.0719147"
"2019-07-11","2019-06-27","120","5.0692267"
"2019-07-11","2019-06-28","126","53.618153"
"2019-07-11","2019-06-29","185","48.172394"
"2019-07-11","2019-06-30","241","2.262559"
"2019-07-12","2019-06-12","75","48.759315"
"2019-07-12","2019-06-13","91","35.915833"
"2019-07-12","2019-06-14","114","2.0679505"
"2019-07-12","2019-06-15","125","4.9564667"
"2019-07-12","2019-06-16","128","20.848875"
"2019-07-12","2019-06-18","92","21.55937"
"2019-07-12","2019-06-19","105","36.47226"
"2019-07-12","2019-06-20","111","22.220867"
"2019-07-12","2019-06-21","117","10.836557"
"2019-07-12","2019-06-22","111","58.653187"
"2019-07-12","2019-06-24","91","13.463691"
"2019-07-12","2019-06-25","91","34.550346"
"2019-07-12","2019-06-26","109","213.25258"
"2019-07-12","2019-06-27","109","44.566547"
"2019-07-12","2019-06-28","131","85.981995"
"2019-07-12","2019-06-29","186","49.02394"
"2019-07-12","2019-06-30","207","161.42847"
"2019-07-13","2019-06-13","60","14.217748"
"2019-07-13","2019-06-14","87","11.353829"
"2019-07-13","2019-06-16","133","15.54615"
"2019-07-13","2019-06-18","101","5.172558"
"2019-07-13","2019-06-21","111","134.42598"
"2019-07-13","2019-06-22","104","4.09933"
"2019-07-13","2019-06-23","120","11.939446"
"2019-07-13","2019-06-24","76","5.431264"
"2019-07-13","2019-06-26","94","66.9491"
"2019-07-13","2019-06-27","96","33.35564"
"2019-07-13","2019-06-28","116","83.42562"
"2019-07-13","2019-06-29","174","2.0559745"
"2019-07-13","2019-06-30","206","38.49762"
"2019-07-14","2019-06-14","51","29.358751"
"2019-07-14","2019-06-15","110","21.864145"
"2019-07-14","2019-06-16","141","11.028281"
"2019-07-14","2019-06-17","90","22.8312"
"2019-07-14","2019-06-18","93","25.302511"
"2019-07-14","2019-06-19","95","10.698376"
"2019-07-14","2019-06-20","99","34.901413"
"2019-07-14","2019-06-21","112","30.481625"
"2019-07-14","2019-06-22","100","29.059809"
"2019-07-14","2019-06-23","116","16.659786"
"2019-07-14","2019-06-24","101","15.51854"
"2019-07-14","2019-06-25","100","12.299356"
"2019-07-14","2019-06-27","99","119.35449"
"2019-07-14","2019-06-28","114","68.84447"
"2019-07-14","2019-06-29","170","18.947624"
"2019-07-14","2019-06-30","196","18.536226"
"2019-07-15","2019-06-15","66","9.966169"
"2019-07-15","2019-06-17","96","21.853554"
"2019-07-15","2019-06-19","112","13.23676"
"2019-07-15","2019-06-21","103","11.005563"
"2019-07-15","2019-06-22","90","19.941433"
"2019-07-15","2019-06-23","123","4.9859433"
"2019-07-15","2019-06-24","95","10.242943"
"2019-07-15","2019-06-25","97","46.075077"
"2019-07-15","2019-06-26","89","31.291155"
"2019-07-15","2019-06-27","94","5.4280715"
"2019-07-15","2019-06-28","116","12.134183"
"2019-07-15","2019-06-29","152","41.002987"
"2019-07-15","2019-06-30","170","19.473335"
"2019-07-16","2019-06-17","79","8.540888"
"2019-07-16","2019-06-18","96","2.026828"
"2019-07-16","2019-06-19","88","19.38681"
"2019-07-16","2019-06-21","94","21.566229"
"2019-07-16","2019-06-22","97","20.786936"
"2019-07-16","2019-06-24","91","10.037887"
"2019-07-16","2019-06-25","78","38.390217"
"2019-07-16","2019-06-26","97","72.448235"
"2019-07-16","2019-06-27","92","150.52168"
"2019-07-16","2019-06-28","102","64.883575"
"2019-07-16","2019-06-29","173","148.14368"
"2019-07-16","2019-06-30","158","92.02071"
"2019-07-17","2019-06-17","51","5.215953"
"2019-07-17","2019-06-19","96","33.965733"
"2019-07-17","2019-06-20","113","6.0783772"
"2019-07-17","2019-06-23","100","19.944027"
"2019-07-17","2019-06-25","84","3.4347966"
"2019-07-17","2019-06-26","102","7.515921"
"2019-07-17","2019-06-27","88","6.642744"
"2019-07-17","2019-06-28","112","5.8705397"
"2019-07-17","2019-06-29","138","26.758389"
"2019-07-17","2019-06-30","179","11.215048"
"2019-07-18","2019-06-20","104","11.335986"
"2019-07-18","2019-06-21","85","33.231247"
"2019-07-18","2019-06-22","88","25.165976"
"2019-07-18","2019-06-23","102","41.940002"
"2019-07-18","2019-06-25","70","6.1761303"
"2019-07-18","2019-06-26","84","35.093838"
"2019-07-18","2019-06-28","95","32.327015"
"2019-07-18","2019-06-29","146","36.88829"
"2019-07-18","2019-06-30","156","98.71895"
"2019-07-19","2019-06-19","47","3.967466"
"2019-07-19","2019-06-20","78","26.859308"
"2019-07-19","2019-06-21","80","18.02862"
"2019-07-19","2019-06-23","97","69.632545"
"2019-07-19","2019-06-24","75","5.011103"
"2019-07-19","2019-06-26","90","25.286926"
"2019-07-19","2019-06-28","95","5.5085077"
"2019-07-19","2019-06-29","128","128.58534"
"2019-07-20","2019-06-20","43","15.689638"
"2019-07-20","2019-06-21","76","9.61494"
"2019-07-20","2019-06-22","79","30.244081"
"2019-07-20","2019-06-23","90","4.5864377"
"2019-07-20","2019-06-24","81","10.170149"
"2019-07-20","2019-06-25","59","6.158527"
"2019-07-20","2019-06-26","74","72.38507"
"2019-07-20","2019-06-27","71","3.9866285"
"2019-07-20","2019-06-28","98","27.38995"
"2019-07-20","2019-06-30","151","68.44708"
"2019-07-21","2019-06-21","50","11.455146"
"2019-07-21","2019-06-22","70","19.94286"
"2019-07-21","2019-06-23","104","29.715818"
"2019-07-21","2019-06-24","72","3.3688126"
"2019-07-21","2019-06-25","68","5.4725127"
"2019-07-21","2019-06-26","85","56.625416"
"2019-07-21","2019-06-28","75","101.37775"
"2019-07-21","2019-06-30","142","72.0271"
"2019-07-22","2019-06-23","69","54.97589"
"2019-07-22","2019-06-24","65","12.378866"
"2019-07-22","2019-06-26","89","6.7701626"
"2019-07-22","2019-06-27","61","30.330177"
"2019-07-22","2019-06-29","140","104.77453"
"2019-07-22","2019-06-30","154","5.5607224"
"2019-07-23","2019-06-23","43","62.32523"
"2019-07-23","2019-06-24","53","16.499905"
"2019-07-23","2019-06-25","64","3.0256956"
"2019-07-23","2019-06-26","71","122.14326"
"2019-07-23","2019-06-27","59","5.4261847"
"2019-07-23","2019-06-28","97","70.86711"
"2019-07-24","2019-06-24","41","20.604069"
"2019-07-24","2019-06-25","50","5.6840677"
"2019-07-24","2019-06-28","86","45.37545"
"2019-07-24","2019-06-29","115","21.370422"
"2019-07-24","2019-06-30","142","5.6066084"
"2019-07-25","2019-06-26","50","25.3746"
"2019-07-25","2019-06-29","113","2.7583966"
"2019-07-25","2019-06-30","132","2.9879613"
"2019-07-26","2019-06-26","32","5.577376"
"2019-07-26","2019-06-27","53","3.7271326"
"2019-07-26","2019-06-28","87","5.5822887"
"2019-07-26","2019-06-29","87","122.877365"
"2019-07-26","2019-06-30","118","5.4319415"
"2019-07-27","2019-06-28","60","27.533148"
"2019-07-28","2019-06-28","38","8.548499"
"2019-07-28","2019-06-29","86","29.057228"
"2019-07-29","2019-06-29","62","5.4598913"
"2019-07-29","2019-06-30","100","10.054026"
"2019-07-30","2019-06-30","63","11.504957"
